Workbook

Sheet Blocchi25-26
A1: ID | B1: ON SET | C1: GRADO | D1: NUMERO TARGHETTA | E1: COLORE PRESE | F1: ZONA | G1: TRACCIATORE | H1: DATA | I1: DATA SCADENZA | J1: data smontato | K1: viti
A2: 1 | B2: FALSE | C2: Verde | D2: 1 | E2: Blu | F2: dx placca | G2: Andrea | H2: 45908.648 | I2: =IF(C2 = "Smile", H2 + 'Over View'!$B$3, IF(C2 = "Bianco" , H2 + 'Over View'!$B$4, IF(C2 = "Giallo" , H2 + 'Over View'!$B$5, IF(C2 = "Blu" , H2 + 'Over View'!$B$6, IF(C2 = "Verde" , H2 + 'Over View'!$B$7, IF(C2 = "Rosso" , H2 + 'Over View'!$B$8, "Grado Non Inserito") ))))) -> 45929.648 | J2: 45938.456 | K2: T25
A3: 2 | B3: FALSE | C3: Smile | D3: 1 | E3: Verde | F3: dx placca | G3: Fede | H3: 45938.466 | I3: =IF(C3 = "Smile", H3 + 'Over View'!$B$3, IF(C3 = "Bianco" , H3 + 'Over View'!$B$4, IF(C3 = "Giallo" , H3 + 'Over View'!$B$5, IF(C3 = "Blu" , H3 + 'Over View'!$B$6, IF(C3 = "Verde" , H3 + 'Over View'!$B$7, IF(C3 = "Rosso" , H3 + 'Over View'!$B$8, "Grado Non Inserito") ))))) -> 45952.466 | J3: 45938.467 | K3: T25
A4: 3 | B4: FALSE | C4: Blu | D4: 1 | E4: Giallo | F4: dx placca | G4: Andrea | H4: 45908.649 | I4: =IF(C4 = "Smile", H4 + 'Over View'!$B$3, IF(C4 = "Bianco" , H4 + 'Over View'!$B$4, IF(C4 = "Giallo" , H4 + 'Over View'!$B$5, IF(C4 = "Blu" , H4 + 'Over View'!$B$6, IF(C4 = "Verde" , H4 + 'Over View'!$B$7, IF(C4 = "Rosso" , H4 + 'Over View'!$B$8, "Grado Non Inserito") ))))) -> 45938.649 | J4: 45960.672 | K4: T25
A5: 4 | B5: FALSE | C5: Giallo | D5: 1 | E5: Viola | F5: dx placca | G5: Andrea | H5: 45908.65 | I5: =IF(C5 = "Smile", H5 + 'Over View'!$B$3, IF(C5 = "Bianco" , H5 + 'Over View'!$B$4, IF(C5 = "Giallo" , H5 + 'Over View'!$B$5, IF(C5 = "Blu" , H5 + 'Over View'!$B$6, IF(C5 = "Verde" , H5 + 'Over View'!$B$7, IF(C5 = "Rosso" , H5 + 'Over View'!$B$8, "Grado Non Inserito") ))))) -> 45938.65 | J5: 45966.667 | K5: T25
A6: 5 | B6: FALSE | C6: Smile | D6: 2 | E6: Verde | F6: dx verticale | G6: Fede | H6: 45908.65 | I6: =IF(C6 = "Smile", H6 + 'Over View'!$B$3, IF(C6 = "Bianco" , H6 + 'Over View'!$B$4, IF(C6 = "Giallo" , H6 + 'Over View'!$B$5, IF(C6 = "Blu" , H6 + 'Over View'!$B$6, IF(C6 = "Verde" , H6 + 'Over View'!$B$7, IF(C6 = "Rosso" , H6 + 'Over View'!$B$8, "Grado Non Inserito") ))))) -> 45922.65 | J6: 45938.456 | K6: T25
A7: 6 | B7: FALSE | C7: Giallo | D7: 2 | E7: Blu | F7: dx verticale | G7: Andrea | H7: 45908.651 | I7: =IF(C7 = "Smile", H7 + 'Over View'!$B$3, IF(C7 = "Bianco" , H7 + 'Over View'!$B$4, IF(C7 = "Giallo" , H7 + 'Over View'!$B$5, IF(C7 = "Blu" , H7 + 'Over View'!$B$6, IF(C7 = "Verde" , H7 + 'Over View'!$B$7, IF(C7 = "Rosso" , H7 + 'Over View'!$B$8, "Grado Non Inserito") ))))) -> 45938.651 | J7: 45960.672 | K7: T25
A8: 7 | B8: FALSE | C8: Bianco | D8: 1 | E8: Grigio | F8: dx verticale | G8: Fede | H8: 45908.651 | I8: =IF(C8 = "Smile", H8 + 'Over View'!$B$3, IF(C8 = "Bianco" , H8 + 'Over View'!$B$4, IF(C8 = "Giallo" , H8 + 'Over View'!$B$5, IF(C8 = "Blu" , H8 + 'Over View'!$B$6, IF(C8 = "Verde" , H8 + 'Over View'!$B$7, IF(C8 = "Rosso" , H8 + 'Over View'!$B$8, "Grado Non Inserito") ))))) -> 45922.651 | J8: 45938.456 | K8: T25
A9: 8 | B9: FALSE | C9: Blu | D9: 2 | E9: Rosso | F9: dx verticale | G9: Leonardo M | H9: 45908.652 | I9: =IF(C9 = "Smile", H9 + 'Over View'!$B$3, IF(C9 = "Bianco" , H9 + 'Over View'!$B$4, IF(C9 = "Giallo" , H9 + 'Over View'!$B$5, IF(C9 = "Blu" , H9 + 'Over View'!$B$6, IF(C9 = "Verde" , H9 + 'Over View'!$B$7, IF(C9 = "Rosso" , H9 + 'Over View'!$B$8, "Grado Non Inserito") ))))) -> 45938.652 | J9: 45943.441 | K9: T25
A10: 9 | B10: FALSE | C10: Smile | D10: 3 | E10: Nero | F10: dx verticale | G10: Leonardo M | H10: 45908.653 | I10: =IF(C10 = "Smile", H10 + 'Over View'!$B$3, IF(C10 = "Bianco" , H10 + 'Over View'!$B$4, IF(C10 = "Giallo" , H10 + 'Over View'!$B$5, IF(C10 = "Blu" , H10 + 'Over View'!$B$6, IF(C10 = "Verde" , H10 + 'Over View'!$B$7, IF(C10 = "Rosso" , H10 + 'Over View'!$B$8, "Grado Non Inserito") ))))) -> 45922.653 | J10: 45980.507 | K10: T25
A11: 10 | B11: FALSE | C11: Verde | D11: 2 | E11: Blu | F11: dx prua | G11: Andrea | H11: 45908.653 | I11: =IF(C11 = "Smile", H11 + 'Over View'!$B$3, IF(C11 = "Bianco" , H11 + 'Over View'!$B$4, IF(C11 = "Giallo" , H11 + 'Over View'!$B$5, IF(C11 = "Blu" , H11 + 'Over View'!$B$6, IF(C11 = "Verde" , H11 + 'Over View'!$B$7, IF(C11 = "Rosso" , H11 + 'Over View'!$B$8, "Grado Non Inserito") ))))) -> 45929.653 | J11: 45938.456 | K11: T25
A12: 11 | B12: FALSE | C12: Bianco | D12: 2 | E12: Viola | F12: dx prua | G12: Leonardo M | H12: 45908.653 | I12: =IF(C12 = "Smile", H12 + 'Over View'!$B$3, IF(C12 = "Bianco" , H12 + 'Over View'!$B$4, IF(C12 = "Giallo" , H12 + 'Over View'!$B$5, IF(C12 = "Blu" , H12 + 'Over View'!$B$6, IF(C12 = "Verde" , H12 + 'Over View'!$B$7, IF(C12 = "Rosso" , H12 + 'Over View'!$B$8, "Grado Non Inserito") ))))) -> 45922.653 | J12: 45980.507 | K12: T25
A13: 12 | B13: FALSE | C13: Blu | D13: 3 | E13: Verde | F13: dx prua | G13: Leonardo M | H13: 45908.654 | I13: =IF(C13 = "Smile", H13 + 'Over View'!$B$3, IF(C13 = "Bianco" , H13 + 'Over View'!$B$4, IF(C13 = "Giallo" , H13 + 'Over View'!$B$5, IF(C13 = "Blu" , H13 + 'Over View'!$B$6, IF(C13 = "Verde" , H13 + 'Over View'!$B$7, IF(C13 = "Rosso" , H13 + 'Over View'!$B$8, "Grado Non Inserito") ))))) -> 45938.654 | J13: 45980.507 | K13: T25
... A47: 46 | B47: FALSE | C47: Giallo | D47: 3 | E47: Giallo | F47: dx verticale | G47: Leonardo M | H47: 45908.677 | I47: =IF(C47 = "Smile", H47 + 'Over View'!$B$3, IF(C47 = "Bianco" , H47 + 'Over View'!$B$4, IF(C47 = "Giallo" , H47 + 'Over View'!$B$5, IF(C47 = "Blu" , H47 + 'Over View'!$B$6, IF(C47 = "Verde" , H47 + 'Over View'!$B$7, IF(C47 = "Rosso" , H47 + 'Over View'!$B$8, "Grado Non Inserito") ))))) -> 45938.677 | J47: 45966.672 | K47: T25
A48: 47 | B48: FALSE | C48: Blu | D48: 11 | E48: Rosa | F48: sx legg. strapiombo | G48: Leo A | H48: 45912.464 | I48: =IF(C48 = "Smile", H48 + 'Over View'!$B$3, IF(C48 = "Bianco" , H48 + 'Over View'!$B$4, IF(C48 = "Giallo" , H48 + 'Over View'!$B$5, IF(C48 = "Blu" , H48 + 'Over View'!$B$6, IF(C48 = "Verde" , H48 + 'Over View'!$B$7, IF(C48 = "Rosso" , H48 + 'Over View'!$B$8, "Grado Non Inserito") ))))) -> 45942.464 | J48: 46008.519
A49: 48 | B49: FALSE | C49: Smile | D49: 9 | E49: Blu | F49: verticale | G49: Leo A | H49: 45912.464 | I49: =IF(C49 = "Smile", H49 + 'Over View'!$B$3, IF(C49 = "Bianco" , H49 + 'Over View'!$B$4, IF(C49 = "Giallo" , H49 + 'Over View'!$B$5, IF(C49 = "Blu" , H49 + 'Over View'!$B$6, IF(C49 = "Verde" , H49 + 'Over View'!$B$7, IF(C49 = "Rosso" , H49 + 'Over View'!$B$8, "Grado Non Inserito") ))))) -> 45926.464 | J49: 45980.509
A50: 49 | B50: FALSE | C50: Giallo | D50: 15 | E50: Blu | F50: New strapiombo | G50: Dani | H50: 45912.712 | I50: =IF(C50 = "Smile", H50 + 'Over View'!$B$3, IF(C50 = "Bianco" , H50 + 'Over View'!$B$4, IF(C50 = "Giallo" , H50 + 'Over View'!$B$5, IF(C50 = "Blu" , H50 + 'Over View'!$B$6, IF(C50 = "Verde" , H50 + 'Over View'!$B$7, IF(C50 = "Rosso" , H50 + 'Over View'!$B$8, "Grado Non Inserito") ))))) -> 45942.712 | J50: 46031.374 | K50: T25
A51: 50 | B51: FALSE | C51: Smile | E51: Blu | F51: New verticale | G51: Dani | H51: 45912.712 | I51: =IF(C51 = "Smile", H51 + 'Over View'!$B$3, IF(C51 = "Bianco" , H51 + 'Over View'!$B$4, IF(C51 = "Giallo" , H51 + 'Over View'!$B$5, IF(C51 = "Blu" , H51 + 'Over View'!$B$6, IF(C51 = "Verde" , H51 + 'Over View'!$B$7, IF(C51 = "Rosso" , H51 + 'Over View'!$B$8, "Grado Non Inserito") ))))) -> 45926.712 | J51: 46031.374 | K51: T25
A52: 51 | B52: FALSE | C52: Smile | E52: Verde | F52: sx legg. strapiombo | G52: Dani | H52: 45912.712 | I52: =IF(C52 = "Smile", H52 + 'Over View'!$B$3, IF(C52 = "Bianco" , H52 + 'Over View'!$B$4, IF(C52 = "Giallo" , H52 + 'Over View'!$B$5, IF(C52 = "Blu" , H52 + 'Over View'!$B$6, IF(C52 = "Verde" , H52 + 'Over View'!$B$7, IF(C52 = "Rosso" , H52 + 'Over View'!$B$8, "Grado Non Inserito") ))))) -> 45926.712 | J52: 45980.51 | K52: T25
A53: 52 | B53: FALSE | C53: Giallo | D53: 14 | E53: Rosso | F53: sx big strapiombo | G53: Dani | H53: 45912.712 | I53: =IF(C53 = "Smile", H53 + 'Over View'!$B$3, IF(C53 = "Bianco" , H53 + 'Over View'!$B$4, IF(C53 = "Giallo" , H53 + 'Over View'!$B$5, IF(C53 = "Blu" , H53 + 'Over View'!$B$6, IF(C53 = "Verde" , H53 + 'Over View'!$B$7, IF(C53 = "Rosso" , H53 + 'Over View'!$B$8, "Grado Non Inserito") ))))) -> 45942.712 | J53: 46031.374 | K53: T25
A54: 53 | B54: FALSE | C54: Giallo | D54: 12 | E54: Arancione | F54: sx big strapiombo | G54: Dani | H54: 45912.713 | I54: =IF(C54 = "Smile", H54 + 'Over View'!$B$3, IF(C54 = "Bianco" , H54 + 'Over View'!$B$4, IF(C54 = "Giallo" , H54 + 'Over View'!$B$5, IF(C54 = "Blu" , H54 + 'Over View'!$B$6, IF(C54 = "Verde" , H54 + 'Over View'!$B$7, IF(C54 = "Rosso" , H54 + 'Over View'!$B$8, "Grado Non Inserito") ))))) -> 45942.713 | J54: 46031.374 | K54: T25
A55: 54 | B55: FALSE | C55: Bianco | D55: 9 | E55: Rosa | F55: dx placca | G55: Dani | H55: 45912.713 | I55: =IF(C55 = "Smile", H55 + 'Over View'!$B$3, IF(C55 = "Bianco" , H55 + 'Over View'!$B$4, IF(C55 = "Giallo" , H55 + 'Over View'!$B$5, IF(C55 = "Blu" , H55 + 'Over View'!$B$6, IF(C55 = "Verde" , H55 + 'Over View'!$B$7, IF(C55 = "Rosso" , H55 + 'Over View'!$B$8, "Grado Non Inserito") ))))) -> 45926.713 | J55: 45943.421 | K55: T25
A56: 55 | B56: FALSE | C56: Giallo | D56: 13 | E56: Verde | F56: sx big strapiombo | G56: Giulio | H56: 45912.713 | I56: =IF(C56 = "Smile", H56 + 'Over View'!$B$3, IF(C56 = "Bianco" , H56 + 'Over View'!$B$4, IF(C56 = "Giallo" , H56 + 'Over View'!$B$5, IF(C56 = "Blu" , H56 + 'Over View'!$B$6, IF(C56 = "Verde" , H56 + 'Over View'!$B$7, IF(C56 = "Rosso" , H56 + 'Over View'!$B$8, "Grado Non Inserito") ))))) -> 45942.713 | J56: 46031.374 | K56: T25
A57: 56 | B57: FALSE | C57: Blu | D57: 12 | E57: Rosa | F57: dx verticale | G57: Giulio | H57: 45912.714 | I57: =IF(C57 = "Smile", H57 + 'Over View'!$B$3, IF(C57 = "Bianco" , H57 + 'Over View'!$B$4, IF(C57 = "Giallo" , H57 + 'Over View'!$B$5, IF(C57 = "Blu" , H57 + 'Over View'!$B$6, IF(C57 = "Verde" , H57 + 'Over View'!$B$7, IF(C57 = "Rosso" , H57 + 'Over View'!$B$8, "Grado Non Inserito") ))))) -> 45942.714 | J57: 46001.461 | K57: T25
A58: 57 | B58: FALSE | C58: Verde | D58: 6 | E58: Blu | F58: sx big strapiombo | G58: Dani | H58: 45916.374 | I58: =IF(C58 = "Smile", H58 + 'Over View'!$B$3, IF(C58 = "Bianco" , H58 + 'Over View'!$B$4, IF(C58 = "Giallo" , H58 + 'Over View'!$B$5, IF(C58 = "Blu" , H58 + 'Over View'!$B$6, IF(C58 = "Verde" , H58 + 'Over View'!$B$7, IF(C58 = "Rosso" , H58 + 'Over View'!$B$8, "Grado Non Inserito") ))))) -> 45937.374 | J58: 46008.52 | K58: T25
A59: 58 | B59: FALSE | C59: Bianco | D59: 12 | E59: Nero | F59: dx placca | G59: Dani | H59: 45926.909 | I59: =IF(C59 = "Smile", H59 + 'Over View'!$B$3, IF(C59 = "Bianco" , H59 + 'Over View'!$B$4, IF(C59 = "Giallo" , H59 + 'Over View'!$B$5, IF(C59 = "Blu" , H59 + 'Over View'!$B$6, IF(C59 = "Verde" , H59 + 'Over View'!$B$7, IF(C59 = "Rosso" , H59 + 'Over View'!$B$8, "Grado Non Inserito") ))))) -> 45940.909 | J59: 45943.422 | K59: T25
A60: 59 | B60: FALSE | C60: Bianco | D60: 15 | E60: Viola | F60: dx verticale | G60: Dani | H60: 45926.909 | I60: =IF(C60 = "Smile", H60 + 'Over View'!$B$3, IF(C60 = "Bianco" , H60 + 'Over View'!$B$4, IF(C60 = "Giallo" , H60 + 'Over View'!$B$5, IF(C60 = "Blu" , H60 + 'Over View'!$B$6, IF(C60 = "Verde" , H60 + 'Over View'!$B$7, IF(C60 = "Rosso" , H60 + 'Over View'!$B$8, "Grado Non Inserito") ))))) -> 45940.909 | J60: 46031.374 | K60: T25
A61: 60 | B61: FALSE | C61: Blu | D61: 13 | E61: Giallo | F61: dx prua | G61: Dani | H61: 45926.91 | I61: =IF(C61 = "Smile", H61 + 'Over View'!$B$3, IF(C61 = "Bianco" , H61 + 'Over View'!$B$4, IF(C61 = "Giallo" , H61 + 'Over View'!$B$5, IF(C61 = "Blu" , H61 + 'Over View'!$B$6, IF(C61 = "Verde" , H61 + 'Over View'!$B$7, IF(C61 = "Rosso" , H61 + 'Over View'!$B$8, "Grado Non Inserito") ))))) -> 45956.91 | J61: 46001.461 | K61: T25
A62: 61 | B62: FALSE | C62: Giallo | D62: 16 | E62: Nero | F62: verticale | G62: Leo A | H62: 45926.91 | I62: =IF(C62 = "Smile", H62 + 'Over View'!$B$3, IF(C62 = "Bianco" , H62 + 'Over View'!$B$4, IF(C62 = "Giallo" , H62 + 'Over View'!$B$5, IF(C62 = "Blu" , H62 + 'Over View'!$B$6, IF(C62 = "Verde" , H62 + 'Over View'!$B$7, IF(C62 = "Rosso" , H62 + 'Over View'!$B$8, "Grado Non Inserito") ))))) -> 45956.91 | J62: 45966.674 | K62: T25
A63: 62 | B63: FALSE | C63: Bianco | D63: 13 | E63: Giallo | F63: verticale | G63: Dani | H63: 45926.91 | I63: =IF(C63 = "Smile", H63 + 'Over View'!$B$3, IF(C63 = "Bianco" , H63 + 'Over View'!$B$4, IF(C63 = "Giallo" , H63 + 'Over View'!$B$5, IF(C63 = "Blu" , H63 + 'Over View'!$B$6, IF(C63 = "Verde" , H63 + 'Over View'!$B$7, IF(C63 = "Rosso" , H63 + 'Over View'!$B$8, "Grado Non Inserito") ))))) -> 45940.91 | J63: 46031.374 | K63: T25
A64: 63 | B64: FALSE | C64: Rosso | D64: 5 | E64: Viola | F64: sx big strapiombo | G64: Dani | H64: 45926.911 | I64: =IF(C64 = "Smile", H64 + 'Over View'!$B$3, IF(C64 = "Bianco" , H64 + 'Over View'!$B$4, IF(C64 = "Giallo" , H64 + 'Over View'!$B$5, IF(C64 = "Blu" , H64 + 'Over View'!$B$6, IF(C64 = "Verde" , H64 + 'Over View'!$B$7, IF(C64 = "Rosso" , H64 + 'Over View'!$B$8, "Grado Non Inserito") ))))) -> 45947.911 | J64: 46031.374 | K64: T25
... A81: 80 | B81: FALSE | C81: Bianco | D81: 16 | E81: Arancione | F81: New verticale | G81: Dani | H81: 45946.668 | I81: =IF(C81 = "Smile", H81 + 'Over View'!$B$3, IF(C81 = "Bianco" , H81 + 'Over View'!$B$4, IF(C81 = "Giallo" , H81 + 'Over View'!$B$5, IF(C81 = "Blu" , H81 + 'Over View'!$B$6, IF(C81 = "Verde" , H81 + 'Over View'!$B$7, IF(C81 = "Rosso" , H81 + 'Over View'!$B$8, "Grado Non Inserito") ))))) -> 45960.668 | J81: 46031.375 | K81: T25
A82: 81 | B82: FALSE | C82: Bianco | E82: Verde | F82: sx legg. strapiombo | G82: Dani | H82: 45946.668 | I82: =IF(C82 = "Smile", H82 + 'Over View'!$B$3, IF(C82 = "Bianco" , H82 + 'Over View'!$B$4, IF(C82 = "Giallo" , H82 + 'Over View'!$B$5, IF(C82 = "Blu" , H82 + 'Over View'!$B$6, IF(C82 = "Verde" , H82 + 'Over View'!$B$7, IF(C82 = "Rosso" , H82 + 'Over View'!$B$8, "Grado Non Inserito") ))))) -> 45960.668 | J82: 46031.375 | K82: T25
A83: 82 | B83: FALSE | C83: Verde | E83: Verde | F83: verticale | G83: Dani | H83: 45946.669 | I83: =IF(C83 = "Smile", H83 + 'Over View'!$B$3, IF(C83 = "Bianco" , H83 + 'Over View'!$B$4, IF(C83 = "Giallo" , H83 + 'Over View'!$B$5, IF(C83 = "Blu" , H83 + 'Over View'!$B$6, IF(C83 = "Verde" , H83 + 'Over View'!$B$7, IF(C83 = "Rosso" , H83 + 'Over View'!$B$8, "Grado Non Inserito") ))))) -> 45967.669 | J83: 46031.375 | K83: T25
A84: 83 | B84: FALSE | C84: Bianco | E84: Nero | F84: dx verticale | G84: Dani | H84: 45946.669 | I84: =IF(C84 = "Smile", H84 + 'Over View'!$B$3, IF(C84 = "Bianco" , H84 + 'Over View'!$B$4, IF(C84 = "Giallo" , H84 + 'Over View'!$B$5, IF(C84 = "Blu" , H84 + 'Over View'!$B$6, IF(C84 = "Verde" , H84 + 'Over View'!$B$7, IF(C84 = "Rosso" , H84 + 'Over View'!$B$8, "Grado Non Inserito") ))))) -> 45960.669 | J84: 46031.375 | K84: T25
A85: 84 | B85: FALSE | C85: Smile | D85: 4 | E85: Grigio | F85: verticale | G85: Andrea | H85: 45950.548 | I85: =IF(C85 = "Smile", H85 + 'Over View'!$B$3, IF(C85 = "Bianco" , H85 + 'Over View'!$B$4, IF(C85 = "Giallo" , H85 + 'Over View'!$B$5, IF(C85 = "Blu" , H85 + 'Over View'!$B$6, IF(C85 = "Verde" , H85 + 'Over View'!$B$7, IF(C85 = "Rosso" , H85 + 'Over View'!$B$8, "Grado Non Inserito") ))))) -> 45964.548 | J85: 46031.375 | K85: T25
A86: 85 | B86: FALSE | C86: Bianco | D86: 3 | E86: Verde | F86: dx prua | G86: Andrea | H86: 45950.549 | I86: =IF(C86 = "Smile", H86 + 'Over View'!$B$3, IF(C86 = "Bianco" , H86 + 'Over View'!$B$4, IF(C86 = "Giallo" , H86 + 'Over View'!$B$5, IF(C86 = "Blu" , H86 + 'Over View'!$B$6, IF(C86 = "Verde" , H86 + 'Over View'!$B$7, IF(C86 = "Rosso" , H86 + 'Over View'!$B$8, "Grado Non Inserito") ))))) -> 45964.549 | J86: 46008.52 | K86: T25
A87: 86 | B87: FALSE | C87: Bianco | D87: 7 | E87: Nero | F87: New placca | G87: Dani | H87: 45952.472 | I87: =IF(C87 = "Smile", H87 + 'Over View'!$B$3, IF(C87 = "Bianco" , H87 + 'Over View'!$B$4, IF(C87 = "Giallo" , H87 + 'Over View'!$B$5, IF(C87 = "Blu" , H87 + 'Over View'!$B$6, IF(C87 = "Verde" , H87 + 'Over View'!$B$7, IF(C87 = "Rosso" , H87 + 'Over View'!$B$8, "Grado Non Inserito") ))))) -> 45966.472 | J87: 46031.375 | K87: T25
A88: 87 | B88: FALSE | C88: Blu | D88: 17 | E88: Viola | F88: New verticale | G88: Giulio | H88: 45952.472 | I88: =IF(C88 = "Smile", H88 + 'Over View'!$B$3, IF(C88 = "Bianco" , H88 + 'Over View'!$B$4, IF(C88 = "Giallo" , H88 + 'Over View'!$B$5, IF(C88 = "Blu" , H88 + 'Over View'!$B$6, IF(C88 = "Verde" , H88 + 'Over View'!$B$7, IF(C88 = "Rosso" , H88 + 'Over View'!$B$8, "Grado Non Inserito") ))))) -> 45982.472 | J88: 46031.375 | K88: T25
A89: 88 | B89: FALSE | C89: Verde | D89: 4 | E89: Viola | F89: New strapiombo | G89: Giulio | H89: 45952.472 | I89: =IF(C89 = "Smile", H89 + 'Over View'!$B$3, IF(C89 = "Bianco" , H89 + 'Over View'!$B$4, IF(C89 = "Giallo" , H89 + 'Over View'!$B$5, IF(C89 = "Blu" , H89 + 'Over View'!$B$6, IF(C89 = "Verde" , H89 + 'Over View'!$B$7, IF(C89 = "Rosso" , H89 + 'Over View'!$B$8, "Grado Non Inserito") ))))) -> 45973.472 | J89: 46031.375 | K89: T25
A90: 89 | B90: FALSE | C90: Giallo | D90: 9 | E90: Rosso | F90: New strapiombo | G90: Dani | H90: 45952.479 | I90: =IF(C90 = "Smile", H90 + 'Over View'!$B$3, IF(C90 = "Bianco" , H90 + 'Over View'!$B$4, IF(C90 = "Giallo" , H90 + 'Over View'!$B$5, IF(C90 = "Blu" , H90 + 'Over View'!$B$6, IF(C90 = "Verde" , H90 + 'Over View'!$B$7, IF(C90 = "Rosso" , H90 + 'Over View'!$B$8, "Grado Non Inserito") ))))) -> 45982.479 | J90: 46031.375 | K90: T25
A91: 90 | B91: FALSE | C91: Smile | D91: 2 | E91: Verde | F91: New placca | G91: Giulio | H91: 45952.498 | I91: =IF(C91 = "Smile", H91 + 'Over View'!$B$3, IF(C91 = "Bianco" , H91 + 'Over View'!$B$4, IF(C91 = "Giallo" , H91 + 'Over View'!$B$5, IF(C91 = "Blu" , H91 + 'Over View'!$B$6, IF(C91 = "Verde" , H91 + 'Over View'!$B$7, IF(C91 = "Rosso" , H91 + 'Over View'!$B$8, "Grado Non Inserito") ))))) -> 45966.498 | J91: 46031.375 | K91: T25
A92: 91 | B92: FALSE | C92: Blu | E92: Verde | F92: dx placca | G92: Dani | H92: 45966.568 | I92: =IF(C92 = "Smile", H92 + 'Over View'!$B$3, IF(C92 = "Bianco" , H92 + 'Over View'!$B$4, IF(C92 = "Giallo" , H92 + 'Over View'!$B$5, IF(C92 = "Blu" , H92 + 'Over View'!$B$6, IF(C92 = "Verde" , H92 + 'Over View'!$B$7, IF(C92 = "Rosso" , H92 + 'Over View'!$B$8, "Grado Non Inserito") ))))) -> 45996.568 | J92: 46031.375 | K92: T25
A93: 92 | B93: FALSE | C93: Giallo | E93: Giallo | F93: dx verticale | G93: Dani | H93: 45960 | I93: =IF(C93 = "Smile", H93 + 'Over View'!$B$3, IF(C93 = "Bianco" , H93 + 'Over View'!$B$4, IF(C93 = "Giallo" , H93 + 'Over View'!$B$5, IF(C93 = "Blu" , H93 + 'Over View'!$B$6, IF(C93 = "Verde" , H93 + 'Over View'!$B$7, IF(C93 = "Rosso" , H93 + 'Over View'!$B$8, "Grado Non Inserito") ))))) -> 45990 | J93: 46031.375 | K93: T25
A94: 93 | B94: FALSE | C94: Blu | E94: Rosso | F94: verticale | G94: Dani | H94: 45960 | I94: =IF(C94 = "Smile", H94 + 'Over View'!$B$3, IF(C94 = "Bianco" , H94 + 'Over View'!$B$4, IF(C94 = "Giallo" , H94 + 'Over View'!$B$5, IF(C94 = "Blu" , H94 + 'Over View'!$B$6, IF(C94 = "Verde" , H94 + 'Over View'!$B$7, IF(C94 = "Rosso" , H94 + 'Over View'!$B$8, "Grado Non Inserito") ))))) -> 45990 | J94: 46031.375 | K94: T25
A95: 94 | B95: FALSE | C95: Giallo | E95: Viola | F95: verticale | G95: Dani | H95: 45960 | I95: =IF(C95 = "Smile", H95 + 'Over View'!$B$3, IF(C95 = "Bianco" , H95 + 'Over View'!$B$4, IF(C95 = "Giallo" , H95 + 'Over View'!$B$5, IF(C95 = "Blu" , H95 + 'Over View'!$B$6, IF(C95 = "Verde" , H95 + 'Over View'!$B$7, IF(C95 = "Rosso" , H95 + 'Over View'!$B$8, "Grado Non Inserito") ))))) -> 45990 | J95: 46031.375 | K95: T25
A96: 95 | B96: FALSE | C96: Giallo | E96: Giallo | F96: New verticale | G96: Dani | H96: 45966.568 | I96: =IF(C96 = "Smile", H96 + 'Over View'!$B$3, IF(C96 = "Bianco" , H96 + 'Over View'!$B$4, IF(C96 = "Giallo" , H96 + 'Over View'!$B$5, IF(C96 = "Blu" , H96 + 'Over View'!$B$6, IF(C96 = "Verde" , H96 + 'Over View'!$B$7, IF(C96 = "Rosso" , H96 + 'Over View'!$B$8, "Grado Non Inserito") ))))) -> 45996.568 | J96: 46031.375 | K96: T25
A97: 96 | B97: FALSE | C97: Rosso | E97: Verde | F97: New strapiombo | G97: Dani | H97: 45960 | I97: =IF(C97 = "Smile", H97 + 'Over View'!$B$3, IF(C97 = "Bianco" , H97 + 'Over View'!$B$4, IF(C97 = "Giallo" , H97 + 'Over View'!$B$5, IF(C97 = "Blu" , H97 + 'Over View'!$B$6, IF(C97 = "Verde" , H97 + 'Over View'!$B$7, IF(C97 = "Rosso" , H97 + 'Over View'!$B$8, "Grado Non Inserito") ))))) -> 45981 | J97: 46031.375 | K97: T25
A98: 97 | B98: FALSE | C98: Blu | E98: Verde | F98: New strapiombo | G98: Andrea | H98: 45966 | I98: =IF(C98 = "Smile", H98 + 'Over View'!$B$3, IF(C98 = "Bianco" , H98 + 'Over View'!$B$4, IF(C98 = "Giallo" , H98 + 'Over View'!$B$5, IF(C98 = "Blu" , H98 + 'Over View'!$B$6, IF(C98 = "Verde" , H98 + 'Over View'!$B$7, IF(C98 = "Rosso" , H98 + 'Over View'!$B$8, "Grado Non Inserito") ))))) -> 45996 | J98: 46031.375 | K98: T25
A99: 98 | B99: FALSE | C99: Giallo | D99: 1 | E99: Viola | F99: dx placca | G99: Andrea | H99: 45966.569 | I99: =IF(C99 = "Smile", H99 + 'Over View'!$B$3, IF(C99 = "Bianco" , H99 + 'Over View'!$B$4, IF(C99 = "Giallo" , H99 + 'Over View'!$B$5, IF(C99 = "Blu" , H99 + 'Over View'!$B$6, IF(C99 = "Verde" , H99 + 'Over View'!$B$7, IF(C99 = "Rosso" , H99 + 'Over View'!$B$8, "Grado Non Inserito") ))))) -> 45996.569 | J99: 46031.375 | K99: T25
A100: 99 | B100: FALSE | C100: Giallo | E100: Nero | F100: dx placca | G100: Dani | H100: 45967.536 | I100: =IF(C100 = "Smile", H100 + 'Over View'!$B$3, IF(C100 = "Bianco" , H100 + 'Over View'!$B$4, IF(C100 = "Giallo" , H100 + 'Over View'!$B$5, IF(C100 = "Blu" , H100 + 'Over View'!$B$6, IF(C100 = "Verde" , H100 + 'Over View'!$B$7, IF(C100 = "Rosso" , H100 + 'Over View'!$B$8, "Grado Non Inserito") ))))) -> 45997.536 | J100: 46031.375 | K100: T25
A101: 100 | B101: FALSE | C101: Rosso | E101: Rosso | F101: sx big strapiombo | G101: Dani | H101: 45967.536 | I101: =IF(C101 = "Smile", H101 + 'Over View'!$B$3, IF(C101 = "Bianco" , H101 + 'Over View'!$B$4, IF(C101 = "Giallo" , H101 + 'Over View'!$B$5, IF(C101 = "Blu" , H101 + 'Over View'!$B$6, IF(C101 = "Verde" , H101 + 'Over View'!$B$7, IF(C101 = "Rosso" , H101 + 'Over View'!$B$8, "Grado Non Inserito") ))))) -> 45988.536 | J101: 46031.375 | K101: T25
A102: 101 | B102: FALSE | C102: Blu | E102: Arancione | F102: New strapiombo | G102: Dani | H102: 45967.536 | I102: =IF(C102 = "Smile", H102 + 'Over View'!$B$3, IF(C102 = "Bianco" , H102 + 'Over View'!$B$4, IF(C102 = "Giallo" , H102 + 'Over View'!$B$5, IF(C102 = "Blu" , H102 + 'Over View'!$B$6, IF(C102 = "Verde" , H102 + 'Over View'!$B$7, IF(C102 = "Rosso" , H102 + 'Over View'!$B$8, "Grado Non Inserito") ))))) -> 45997.536 | J102: 46031.375 | K102: T25
A103: 102 | B103: FALSE | C103: Smile | D103: 3 | E103: Blu | F103: dx verticale | G103: Andrea | H103: 45980.53 | I103: =IF(C103 = "Smile", H103 + 'Over View'!$B$3, IF(C103 = "Bianco" , H103 + 'Over View'!$B$4, IF(C103 = "Giallo" , H103 + 'Over View'!$B$5, IF(C103 = "Blu" , H103 + 'Over View'!$B$6, IF(C103 = "Verde" , H103 + 'Over View'!$B$7, IF(C103 = "Rosso" , H103 + 'Over View'!$B$8, "Grado Non Inserito") ))))) -> 45994.53 | J103: 46031.375 | K103: T25
A104: 103 | B104: FALSE | C104: Smile | D104: 5 | E104: Menta | F104: verticale | G104: Andrea | H104: 45980.531 | I104: =IF(C104 = "Smile", H104 + 'Over View'!$B$3, IF(C104 = "Bianco" , H104 + 'Over View'!$B$4, IF(C104 = "Giallo" , H104 + 'Over View'!$B$5, IF(C104 = "Blu" , H104 + 'Over View'!$B$6, IF(C104 = "Verde" , H104 + 'Over View'!$B$7, IF(C104 = "Rosso" , H104 + 'Over View'!$B$8, "Grado Non Inserito") ))))) -> 45994.531 | J104: 46031.375 | K104: T25
A105: 104 | B105: FALSE | C105: Blu | D105: 9 | E105: Viola | F105: New verticale | G105: Dani | H105: 45994.617 | I105: =IF(C105 = "Smile", H105 + 'Over View'!$B$3, IF(C105 = "Bianco" , H105 + 'Over View'!$B$4, IF(C105 = "Giallo" , H105 + 'Over View'!$B$5, IF(C105 = "Blu" , H105 + 'Over View'!$B$6, IF(C105 = "Verde" , H105 + 'Over View'!$B$7, IF(C105 = "Rosso" , H105 + 'Over View'!$B$8, "Grado Non Inserito") ))))) -> 46024.617 | J105: 46031.375 | K105: T25
A106: 105 | B106: FALSE | C106: Giallo | D106: 10 | E106: Giallo | F106: New placca | G106: Dani | H106: 45994.617 | I106: =IF(C106 = "Smile", H106 + 'Over View'!$B$3, IF(C106 = "Bianco" , H106 + 'Over View'!$B$4, IF(C106 = "Giallo" , H106 + 'Over View'!$B$5, IF(C106 = "Blu" , H106 + 'Over View'!$B$6, IF(C106 = "Verde" , H106 + 'Over View'!$B$7, IF(C106 = "Rosso" , H106 + 'Over View'!$B$8, "Grado Non Inserito") ))))) -> 46024.617 | J106: 46031.375 | K106: T25
A107: 106 | B107: FALSE | C107: Giallo | D107: 5 | E107: Verde | F107: New verticale | G107: Dani | H107: 45994.617 | I107: =IF(C107 = "Smile", H107 + 'Over View'!$B$3, IF(C107 = "Bianco" , H107 + 'Over View'!$B$4, IF(C107 = "Giallo" , H107 + 'Over View'!$B$5, IF(C107 = "Blu" , H107 + 'Over View'!$B$6, IF(C107 = "Verde" , H107 + 'Over View'!$B$7, IF(C107 = "Rosso" , H107 + 'Over View'!$B$8, "Grado Non Inserito") ))))) -> 46024.617 | J107: 46031.375 | K107: T25
A108: 107 | B108: FALSE | C108: Smile | D108: 10 | E108: Blu | F108: verticale | G108: Andrea | H108: 46001.466 | I108: =IF(C108 = "Smile", H108 + 'Over View'!$B$3, IF(C108 = "Bianco" , H108 + 'Over View'!$B$4, IF(C108 = "Giallo" , H108 + 'Over View'!$B$5, IF(C108 = "Blu" , H108 + 'Over View'!$B$6, IF(C108 = "Verde" , H108 + 'Over View'!$B$7, IF(C108 = "Rosso" , H108 + 'Over View'!$B$8, "Grado Non Inserito") ))))) -> 46015.466 | J108: 46031.375 | K108: T25
A109: 108 | B109: FALSE | C109: Smile | D109: 9 | E109: Viola | F109: verticale | G109: Andrea | H109: 46001.467 | I109: =IF(C109 = "Smile", H109 + 'Over View'!$B$3, IF(C109 = "Bianco" , H109 + 'Over View'!$B$4, IF(C109 = "Giallo" , H109 + 'Over View'!$B$5, IF(C109 = "Blu" , H109 + 'Over View'!$B$6, IF(C109 = "Verde" , H109 + 'Over View'!$B$7, IF(C109 = "Rosso" , H109 + 'Over View'!$B$8, "Grado Non Inserito") ))))) -> 46015.467 | J109: 46031.375 | K109: T25
A110: 109 | B110: FALSE | C110: Bianco | D110: 2 | E110: Verde | F110: New strapiombo | G110: Andrea | H110: 46001.496 | I110: =IF(C110 = "Smile", H110 + 'Over View'!$B$3, IF(C110 = "Bianco" , H110 + 'Over View'!$B$4, IF(C110 = "Giallo" , H110 + 'Over View'!$B$5, IF(C110 = "Blu" , H110 + 'Over View'!$B$6, IF(C110 = "Verde" , H110 + 'Over View'!$B$7, IF(C110 = "Rosso" , H110 + 'Over View'!$B$8, "Grado Non Inserito") ))))) -> 46015.496 | J110: 46031.375 | K110: T25
A111: 110 | B111: TRUE | C111: Smile | D111: 1 | E111: Blu | F111: dx placca | H111: 46029.375 | I111: =IF(C111 = "Smile", H111 + 'Over View'!$B$3, IF(C111 = "Bianco" , H111 + 'Over View'!$B$4, IF(C111 = "Giallo" , H111 + 'Over View'!$B$5, IF(C111 = "Blu" , H111 + 'Over View'!$B$6, IF(C111 = "Verde" , H111 + 'Over View'!$B$7, IF(C111 = "Rosso" , H111 + 'Over View'!$B$8, "Grado Non Inserito") ))))) -> 46043.375
A112: 111 | B112: TRUE | C112: Smile | D112: 2 | E112: Blu | F112: dx verticale | H112: 46029.375 | I112: =IF(C112 = "Smile", H112 + 'Over View'!$B$3, IF(C112 = "Bianco" , H112 + 'Over View'!$B$4, IF(C112 = "Giallo" , H112 + 'Over View'!$B$5, IF(C112 = "Blu" , H112 + 'Over View'!$B$6, IF(C112 = "Verde" , H112 + 'Over View'!$B$7, IF(C112 = "Rosso" , H112 + 'Over View'!$B$8, "Grado Non Inserito") ))))) -> 46043.375
A113: 112 | B113: TRUE | C113: Smile | D113: 3 | E113: Arancione | F113: dx prua | H113: 46029.375 | I113: =IF(C113 = "Smile", H113 + 'Over View'!$B$3, IF(C113 = "Bianco" , H113 + 'Over View'!$B$4, IF(C113 = "Giallo" , H113 + 'Over View'!$B$5, IF(C113 = "Blu" , H113 + 'Over View'!$B$6, IF(C113 = "Verde" , H113 + 'Over View'!$B$7, IF(C113 = "Rosso" , H113 + 'Over View'!$B$8, "Grado Non Inserito") ))))) -> 46043.375
A114: 113 | B114: TRUE | C114: Smile | D114: 4 | E114: Verde | F114: dx prua | H114: 46029.375 | I114: =IF(C114 = "Smile", H114 + 'Over View'!$B$3, IF(C114 = "Bianco" , H114 + 'Over View'!$B$4, IF(C114 = "Giallo" , H114 + 'Over View'!$B$5, IF(C114 = "Blu" , H114 + 'Over View'!$B$6, IF(C114 = "Verde" , H114 + 'Over View'!$B$7, IF(C114 = "Rosso" , H114 + 'Over View'!$B$8, "Grado Non Inserito") ))))) -> 46043.375
A115: 114 | B115: TRUE | C115: Smile | D115: 5 | E115: Viola | F115: verticale | H115: 46029.375 | I115: =IF(C115 = "Smile", H115 + 'Over View'!$B$3, IF(C115 = "Bianco" , H115 + 'Over View'!$B$4, IF(C115 = "Giallo" , H115 + 'Over View'!$B$5, IF(C115 = "Blu" , H115 + 'Over View'!$B$6, IF(C115 = "Verde" , H115 + 'Over View'!$B$7, IF(C115 = "Rosso" , H115 + 'Over View'!$B$8, "Grado Non Inserito") ))))) -> 46043.375
A116: 115 | B116: TRUE | C116: Smile | D116: 6 | E116: Verde | F116: sx legg. strapiombo | H116: 46029.375 | I116: =IF(C116 = "Smile", H116 + 'Over View'!$B$3, IF(C116 = "Bianco" , H116 + 'Over View'!$B$4, IF(C116 = "Giallo" , H116 + 'Over View'!$B$5, IF(C116 = "Blu" , H116 + 'Over View'!$B$6, IF(C116 = "Verde" , H116 + 'Over View'!$B$7, IF(C116 = "Rosso" , H116 + 'Over View'!$B$8, "Grado Non Inserito") ))))) -> 46043.375
A117: 116 | B117: TRUE | C117: Smile | D117: 7 | E117: Rosso | F117: New placca | H117: 46029.375 | I117: =IF(C117 = "Smile", H117 + 'Over View'!$B$3, IF(C117 = "Bianco" , H117 + 'Over View'!$B$4, IF(C117 = "Giallo" , H117 + 'Over View'!$B$5, IF(C117 = "Blu" , H117 + 'Over View'!$B$6, IF(C117 = "Verde" , H117 + 'Over View'!$B$7, IF(C117 = "Rosso" , H117 + 'Over View'!$B$8, "Grado Non Inserito") ))))) -> 46043.375
A118: 117 | B118: TRUE | C118: Smile | D118: 8 | E118: Arancione | F118: New verticale | H118: 46029.375 | I118: =IF(C118 = "Smile", H118 + 'Over View'!$B$3, IF(C118 = "Bianco" , H118 + 'Over View'!$B$4, IF(C118 = "Giallo" , H118 + 'Over View'!$B$5, IF(C118 = "Blu" , H118 + 'Over View'!$B$6, IF(C118 = "Verde" , H118 + 'Over View'!$B$7, IF(C118 = "Rosso" , H118 + 'Over View'!$B$8, "Grado Non Inserito") ))))) -> 46043.375
A119: 118 | B119: TRUE | C119: Bianco | D119: 1 | E119: Giallo | F119: dx placca | H119: 46029.375 | I119: =IF(C119 = "Smile", H119 + 'Over View'!$B$3, IF(C119 = "Bianco" , H119 + 'Over View'!$B$4, IF(C119 = "Giallo" , H119 + 'Over View'!$B$5, IF(C119 = "Blu" , H119 + 'Over View'!$B$6, IF(C119 = "Verde" , H119 + 'Over View'!$B$7, IF(C119 = "Rosso" , H119 + 'Over View'!$B$8, "Grado Non Inserito") ))))) -> 46043.375
A120: 119 | B120: TRUE | C120: Bianco | D120: 2 | E120: Viola | F120: dx verticale | H120: 46029.375 | I120: =IF(C120 = "Smile", H120 + 'Over View'!$B$3, IF(C120 = "Bianco" , H120 + 'Over View'!$B$4, IF(C120 = "Giallo" , H120 + 'Over View'!$B$5, IF(C120 = "Blu" , H120 + 'Over View'!$B$6, IF(C120 = "Verde" , H120 + 'Over View'!$B$7, IF(C120 = "Rosso" , H120 + 'Over View'!$B$8, "Grado Non Inserito") ))))) -> 46043.375
A121: 120 | B121: TRUE | C121: Bianco | D121: 3 | E121: Verde | F121: dx verticale | H121: 46029.375 | I121: =IF(C121 = "Smile", H121 + 'Over View'!$B$3, IF(C121 = "Bianco" , H121 + 'Over View'!$B$4, IF(C121 = "Giallo" , H121 + 'Over View'!$B$5, IF(C121 = "Blu" , H121 + 'Over View'!$B$6, IF(C121 = "Verde" , H121 + 'Over View'!$B$7, IF(C121 = "Rosso" , H121 + 'Over View'!$B$8, "Grado Non Inserito") ))))) -> 46043.375
A122: 121 | B122: TRUE | C122: Bianco | D122: 4 | E122: Menta | F122: verticale | H122: 46029.375 | I122: =IF(C122 = "Smile", H122 + 'Over View'!$B$3, IF(C122 = "Bianco" , H122 + 'Over View'!$B$4, IF(C122 = "Giallo" , H122 + 'Over View'!$B$5, IF(C122 = "Blu" , H122 + 'Over View'!$B$6, IF(C122 = "Verde" , H122 + 'Over View'!$B$7, IF(C122 = "Rosso" , H122 + 'Over View'!$B$8, "Grado Non Inserito") ))))) -> 46043.375
... A126: 125 | B126: TRUE | C126: Bianco | D126: 8 | E126: Blu | F126: New verticale | H126: 46029.375 | I126: =IF(C126 = "Smile", H126 + 'Over View'!$B$3, IF(C126 = "Bianco" , H126 + 'Over View'!$B$4, IF(C126 = "Giallo" , H126 + 'Over View'!$B$5, IF(C126 = "Blu" , H126 + 'Over View'!$B$6, IF(C126 = "Verde" , H126 + 'Over View'!$B$7, IF(C126 = "Rosso" , H126 + 'Over View'!$B$8, "Grado Non Inserito") ))))) -> 46043.375
A127: 126 | B127: TRUE | C127: Giallo | D127: 1 | E127: Nero | F127: dx verticale | H127: 46029.375 | I127: =IF(C129 = "Smile", H127 + 'Over View'!$B$3, IF(C129 = "Bianco" , H127 + 'Over View'!$B$4, IF(C129 = "Giallo" , H127 + 'Over View'!$B$5, IF(C129 = "Blu" , H127 + 'Over View'!$B$6, IF(C129 = "Verde" , H127 + 'Over View'!$B$7, IF(C129 = "Rosso" , H127 + 'Over View'!$B$8, "Grado Non Inserito") ))))) -> 46059.375
A128: 127 | B128: TRUE | C128: Giallo | D128: 2 | E128: Rosa | F128: dx prua | H128: 46029.375 | I128: =IF(C128 = "Smile", H128 + 'Over View'!$B$3, IF(C128 = "Bianco" , H128 + 'Over View'!$B$4, IF(C128 = "Giallo" , H128 + 'Over View'!$B$5, IF(C128 = "Blu" , H128 + 'Over View'!$B$6, IF(C128 = "Verde" , H128 + 'Over View'!$B$7, IF(C128 = "Rosso" , H128 + 'Over View'!$B$8, "Grado Non Inserito") ))))) -> 46059.375
A129: 128 | B129: TRUE | C129: Giallo | D129: 3 | E129: Rosa | F129: verticale | H129: 46029.375 | I129: =IF(C129 = "Smile", H129 + 'Over View'!$B$3, IF(C129 = "Bianco" , H129 + 'Over View'!$B$4, IF(C129 = "Giallo" , H129 + 'Over View'!$B$5, IF(C129 = "Blu" , H129 + 'Over View'!$B$6, IF(C129 = "Verde" , H129 + 'Over View'!$B$7, IF(C129 = "Rosso" , H129 + 'Over View'!$B$8, "Grado Non Inserito") ))))) -> 46059.375
A130: 129 | B130: TRUE | C130: Giallo | D130: 4 | E130: Giallo | F130: sx big strapiombo | H130: 46029.375 | I130: =IF(C130 = "Smile", H130 + 'Over View'!$B$3, IF(C130 = "Bianco" , H130 + 'Over View'!$B$4, IF(C130 = "Giallo" , H130 + 'Over View'!$B$5, IF(C130 = "Blu" , H130 + 'Over View'!$B$6, IF(C130 = "Verde" , H130 + 'Over View'!$B$7, IF(C130 = "Rosso" , H130 + 'Over View'!$B$8, "Grado Non Inserito") ))))) -> 46059.375
A131: 130 | B131: TRUE | C131: Giallo | D131: 5 | E131: Viola | F131: sx legg. strapiombo | H131: 46029.375 | I131: =IF(C131 = "Smile", H131 + 'Over View'!$B$3, IF(C131 = "Bianco" , H131 + 'Over View'!$B$4, IF(C131 = "Giallo" , H131 + 'Over View'!$B$5, IF(C131 = "Blu" , H131 + 'Over View'!$B$6, IF(C131 = "Verde" , H131 + 'Over View'!$B$7, IF(C131 = "Rosso" , H131 + 'Over View'!$B$8, "Grado Non Inserito") ))))) -> 46059.375
A132: 131 | B132: TRUE | C132: Giallo | D132: 6 | E132: Verde | F132: New verticale | H132: 46029.375 | I132: =IF(C132 = "Smile", H132 + 'Over View'!$B$3, IF(C132 = "Bianco" , H132 + 'Over View'!$B$4, IF(C132 = "Giallo" , H132 + 'Over View'!$B$5, IF(C132 = "Blu" , H132 + 'Over View'!$B$6, IF(C132 = "Verde" , H132 + 'Over View'!$B$7, IF(C132 = "Rosso" , H132 + 'Over View'!$B$8, "Grado Non Inserito") ))))) -> 46059.375
A133: 132 | B133: TRUE | C133: Giallo | D133: 7 | E133: Viola | F133: New verticale | H133: 46029.375 | I133: =IF(C133 = "Smile", H133 + 'Over View'!$B$3, IF(C133 = "Bianco" , H133 + 'Over View'!$B$4, IF(C133 = "Giallo" , H133 + 'Over View'!$B$5, IF(C133 = "Blu" , H133 + 'Over View'!$B$6, IF(C133 = "Verde" , H133 + 'Over View'!$B$7, IF(C133 = "Rosso" , H133 + 'Over View'!$B$8, "Grado Non Inserito") ))))) -> 46059.375
A134: 133 | B134: TRUE | C134: Giallo | D134: 8 | E134: Nero | F134: New strapiombo | H134: 46029.375 | I134: =IF(C134 = "Smile", H134 + 'Over View'!$B$3, IF(C134 = "Bianco" , H134 + 'Over View'!$B$4, IF(C134 = "Giallo" , H134 + 'Over View'!$B$5, IF(C134 = "Blu" , H134 + 'Over View'!$B$6, IF(C134 = "Verde" , H134 + 'Over View'!$B$7, IF(C134 = "Rosso" , H134 + 'Over View'!$B$8, "Grado Non Inserito") ))))) -> 46059.375
A135: 134 | B135: TRUE | C135: Blu | D135: 1 | E135: Viola | F135: dx placca | H135: 46029.375 | I135: =IF(C135 = "Smile", H135 + 'Over View'!$B$3, IF(C135 = "Bianco" , H135 + 'Over View'!$B$4, IF(C135 = "Giallo" , H135 + 'Over View'!$B$5, IF(C135 = "Blu" , H135 + 'Over View'!$B$6, IF(C135 = "Verde" , H135 + 'Over View'!$B$7, IF(C135 = "Rosso" , H135 + 'Over View'!$B$8, "Grado Non Inserito") ))))) -> 46059.375
A136: 135 | B136: TRUE | C136: Blu | D136: 2 | E136: Giallo | F136: dx placca | H136: 46029.375 | I136: =IF(C136 = "Smile", H136 + 'Over View'!$B$3, IF(C136 = "Bianco" , H136 + 'Over View'!$B$4, IF(C136 = "Giallo" , H136 + 'Over View'!$B$5, IF(C136 = "Blu" , H136 + 'Over View'!$B$6, IF(C136 = "Verde" , H136 + 'Over View'!$B$7, IF(C136 = "Rosso" , H136 + 'Over View'!$B$8, "Grado Non Inserito") ))))) -> 46059.375
A137: 136 | B137: TRUE | C137: Blu | D137: 3 | E137: Giallo | F137: dx prua | H137: 46029.375 | I137: =IF(C137 = "Smile", H137 + 'Over View'!$B$3, IF(C137 = "Bianco" , H137 + 'Over View'!$B$4, IF(C137 = "Giallo" , H137 + 'Over View'!$B$5, IF(C137 = "Blu" , H137 + 'Over View'!$B$6, IF(C137 = "Verde" , H137 + 'Over View'!$B$7, IF(C137 = "Rosso" , H137 + 'Over View'!$B$8, "Grado Non Inserito") ))))) -> 46059.375
A138: 137 | B138: TRUE | C138: Blu | D138: 4 | E138: Blu | F138: verticale | H138: 46029.375 | I138: =IF(C138 = "Smile", H138 + 'Over View'!$B$3, IF(C138 = "Bianco" , H138 + 'Over View'!$B$4, IF(C138 = "Giallo" , H138 + 'Over View'!$B$5, IF(C138 = "Blu" , H138 + 'Over View'!$B$6, IF(C138 = "Verde" , H138 + 'Over View'!$B$7, IF(C138 = "Rosso" , H138 + 'Over View'!$B$8, "Grado Non Inserito") ))))) -> 46059.375
A139: 138 | B139: TRUE | C139: Blu | D139: 5 | E139: Arancione | F139: sx big strapiombo | H139: 46029.375 | I139: =IF(C139 = "Smile", H139 + 'Over View'!$B$3, IF(C139 = "Bianco" , H139 + 'Over View'!$B$4, IF(C139 = "Giallo" , H139 + 'Over View'!$B$5, IF(C139 = "Blu" , H139 + 'Over View'!$B$6, IF(C139 = "Verde" , H139 + 'Over View'!$B$7, IF(C139 = "Rosso" , H139 + 'Over View'!$B$8, "Grado Non Inserito") ))))) -> 46059.375
... A150: 149 | B150: TRUE | C150: Rosso | D150: 3 | E150: Nero | F150: New strapiombo | H150: 46029.375 | I150: =IF(C150 = "Smile", H150 + 'Over View'!$B$3, IF(C150 = "Bianco" , H150 + 'Over View'!$B$4, IF(C150 = "Giallo" , H150 + 'Over View'!$B$5, IF(C150 = "Blu" , H150 + 'Over View'!$B$6, IF(C150 = "Verde" , H150 + 'Over View'!$B$7, IF(C150 = "Rosso" , H150 + 'Over View'!$B$8, "Grado Non Inserito") ))))) -> 46050.375
A151: 150 | B151: TRUE | C151: Verde | E151: Viola | F151: New placca | G151: Giulio | H151: 46029.375 | I151: =IF(C151 = "Smile", H151 + 'Over View'!$B$3, IF(C151 = "Bianco" , H151 + 'Over View'!$B$4, IF(C151 = "Giallo" , H151 + 'Over View'!$B$5, IF(C151 = "Blu" , H151 + 'Over View'!$B$6, IF(C151 = "Verde" , H151 + 'Over View'!$B$7, IF(C151 = "Rosso" , H151 + 'Over View'!$B$8, "Grado Non Inserito") ))))) -> 46050.375
A152: 151 | B152: TRUE | C152: Blu | E152: Blu | F152: New placca | G152: Giulio | H152: 46029.375 | I152: =IF(C152 = "Smile", H152 + 'Over View'!$B$3, IF(C152 = "Bianco" , H152 + 'Over View'!$B$4, IF(C152 = "Giallo" , H152 + 'Over View'!$B$5, IF(C152 = "Blu" , H152 + 'Over View'!$B$6, IF(C152 = "Verde" , H152 + 'Over View'!$B$7, IF(C152 = "Rosso" , H152 + 'Over View'!$B$8, "Grado Non Inserito") ))))) -> 46059.375
A153: 152 | B153: TRUE | C153: Blu | E153: Rosso | F153: New verticale | G153: Andrea | H153: 46029.375 | I153: =IF(C153 = "Smile", H153 + 'Over View'!$B$3, IF(C153 = "Bianco" , H153 + 'Over View'!$B$4, IF(C153 = "Giallo" , H153 + 'Over View'!$B$5, IF(C153 = "Blu" , H153 + 'Over View'!$B$6, IF(C153 = "Verde" , H153 + 'Over View'!$B$7, IF(C153 = "Rosso" , H153 + 'Over View'!$B$8, "Grado Non Inserito") ))))) -> 46059.375
A154: 153 | B154: TRUE | C154: Verde | E154: Giallo | F154: New verticale | G154: Leonardo M | H154: 46029.375 | I154: =IF(C154 = "Smile", H154 + 'Over View'!$B$3, IF(C154 = "Bianco" , H154 + 'Over View'!$B$4, IF(C154 = "Giallo" , H154 + 'Over View'!$B$5, IF(C154 = "Blu" , H154 + 'Over View'!$B$6, IF(C154 = "Verde" , H154 + 'Over View'!$B$7, IF(C154 = "Rosso" , H154 + 'Over View'!$B$8, "Grado Non Inserito") ))))) -> 46050.375
A155: 154 | B155: TRUE | C155: Rosso | E155: Blu | F155: New strapiombo | G155: Andrea | H155: 46029.375 | I155: =IF(C155 = "Smile", H155 + 'Over View'!$B$3, IF(C155 = "Bianco" , H155 + 'Over View'!$B$4, IF(C155 = "Giallo" , H155 + 'Over View'!$B$5, IF(C155 = "Blu" , H155 + 'Over View'!$B$6, IF(C155 = "Verde" , H155 + 'Over View'!$B$7, IF(C155 = "Rosso" , H155 + 'Over View'!$B$8, "Grado Non Inserito") ))))) -> 46050.375
A156: 155 | B156: TRUE | C156: Blu | E156: Viola | F156: New strapiombo | G156: Dani | H156: 46029.375 | I156: =IF(C156 = "Smile", H156 + 'Over View'!$B$3, IF(C156 = "Bianco" , H156 + 'Over View'!$B$4, IF(C156 = "Giallo" , H156 + 'Over View'!$B$5, IF(C156 = "Blu" , H156 + 'Over View'!$B$6, IF(C156 = "Verde" , H156 + 'Over View'!$B$7, IF(C156 = "Rosso" , H156 + 'Over View'!$B$8, "Grado Non Inserito") ))))) -> 46059.375
A157: 156 | B157: TRUE | C157: Smile | E157: Grigio | F157: sx legg. strapiombo | G157: Leonardo M | H157: 46031.43 | I157: =IF(C157 = "Smile", H157 + 'Over View'!$B$3, IF(C157 = "Bianco" , H157 + 'Over View'!$B$4, IF(C157 = "Giallo" , H157 + 'Over View'!$B$5, IF(C157 = "Blu" , H157 + 'Over View'!$B$6, IF(C157 = "Verde" , H157 + 'Over View'!$B$7, IF(C157 = "Rosso" , H157 + 'Over View'!$B$8, "Grado Non Inserito") ))))) -> 46045.43
A158: 157 | B158: TRUE | C158: Smile | E158: Blu | F158: sx legg. strapiombo | G158: Dani | H158: 46031.485 | I158: =IF(C158 = "Smile", H158 + 'Over View'!$B$3, IF(C158 = "Bianco" , H158 + 'Over View'!$B$4, IF(C158 = "Giallo" , H158 + 'Over View'!$B$5, IF(C158 = "Blu" , H158 + 'Over View'!$B$6, IF(C158 = "Verde" , H158 + 'Over View'!$B$7, IF(C158 = "Rosso" , H158 + 'Over View'!$B$8, "Grado Non Inserito") ))))) -> 46045.485 | K158: T25
A159: 158 | B159: TRUE | C159: Bianco | E159: Verde | F159: New verticale | G159: Dani | H159: 46031.485 | I159: =IF(C159 = "Smile", H159 + 'Over View'!$B$3, IF(C159 = "Bianco" , H159 + 'Over View'!$B$4, IF(C159 = "Giallo" , H159 + 'Over View'!$B$5, IF(C159 = "Blu" , H159 + 'Over View'!$B$6, IF(C159 = "Verde" , H159 + 'Over View'!$B$7, IF(C159 = "Rosso" , H159 + 'Over View'!$B$8, "Grado Non Inserito") ))))) -> 46045.485 | K159: T25
A160: 159 | B160: TRUE | C160: Bianco | E160: Verde | F160: New placca | G160: Dani | H160: 46031.485 | I160: =IF(C160 = "Smile", H160 + 'Over View'!$B$3, IF(C160 = "Bianco" , H160 + 'Over View'!$B$4, IF(C160 = "Giallo" , H160 + 'Over View'!$B$5, IF(C160 = "Blu" , H160 + 'Over View'!$B$6, IF(C160 = "Verde" , H160 + 'Over View'!$B$7, IF(C160 = "Rosso" , H160 + 'Over View'!$B$8, "Grado Non Inserito") ))))) -> 46045.485 | K160: T25
A161: 160 | B161: TRUE | C161: Bianco | E161: Nero | F161: verticale | G161: Leonardo M | H161: 46031.486 | I161: =IF(C161 = "Smile", H161 + 'Over View'!$B$3, IF(C161 = "Bianco" , H161 + 'Over View'!$B$4, IF(C161 = "Giallo" , H161 + 'Over View'!$B$5, IF(C161 = "Blu" , H161 + 'Over View'!$B$6, IF(C161 = "Verde" , H161 + 'Over View'!$B$7, IF(C161 = "Rosso" , H161 + 'Over View'!$B$8, "Grado Non Inserito") ))))) -> 46045.486 | K161: T25
A162: 161 | B162: TRUE | C162: Bianco | E162: Verde | F162: sx big strapiombo | G162: Leonardo M | H162: 46031.494 | I162: =IF(C162 = "Smile", H162 + 'Over View'!$B$3, IF(C162 = "Bianco" , H162 + 'Over View'!$B$4, IF(C162 = "Giallo" , H162 + 'Over View'!$B$5, IF(C162 = "Blu" , H162 + 'Over View'!$B$6, IF(C162 = "Verde" , H162 + 'Over View'!$B$7, IF(C162 = "Rosso" , H162 + 'Over View'!$B$8, "Grado Non Inserito") ))))) -> 46045.494
...

Sheet Over View
A1: Date di scadenza | D1: Totali boulder On set | F1: Obiettivo
A2: Grado | B2: Durata (giorni) | D2: Totale | E2: =COUNTIF('Blocchi25-26'!B:B, TRUE()) -> 68 | F2: =Sum(F3:F8) -> 65
A3: Smile | B3: 14 | D3: Smile | E3: =COUNTIFS('Blocchi25-26'!C:C, "Smile",'Blocchi25-26'!B:B, TRUE()) -> 10 | F3: 10
A4: Bianco | B4: 14 | D4: Bianco | E4: =COUNTIFS('Blocchi25-26'!C:C, "Bianco",'Blocchi25-26'!B:B, TRUE()) -> 16 | F4: 15
A5: Giallo | B5: 30 | D5: Giallo | E5: =COUNTIFS('Blocchi25-26'!C:C, "GIallo",'Blocchi25-26'!B:B, TRUE()) -> 15 | F5: 15
A6: Blu | B6: 30 | D6: Blu | E6: =COUNTIFS('Blocchi25-26'!C:C, "Blu",'Blocchi25-26'!B:B, TRUE()) -> 15 | F6: 15
A7: Verde | B7: 21 | D7: Verde | E7: =COUNTIFS('Blocchi25-26'!C:C, "Verde",'Blocchi25-26'!B:B, TRUE()) -> 7 | F7: 5
A8: Rosso | B8: 21 | D8: Rosso | E8: =COUNTIFS('Blocchi25-26'!C:C, "Rosso",'Blocchi25-26'!B:B, TRUE()) -> 5 | F8: 5
A10: Blocchi in ...
A11: Old sala | B11: New Sala
A12: =E2-B12 -> 49 | B12: =COUNTIFS('Blocchi25-26'!F:F,"New*", 'Blocchi25-26'!B:B, TRUE()) -> 19

Sheet Blocchi24-25
A1: ID | B1: Grado | C1: Numero targhetta | D1: Colore Prese | E1: Zona | F1: Tracciatore | G1: Data | H1: Data Scadenza | I1: One set | J1: Viti | K1: Quando off set | L1: Colonna filtro
A2: 1 | B2: Blu | C2: 13 | G2: 45670 | H2: =IF(B2 = "Smile", G2 + 'Over View'!$B$3, IF(B2 = "Bianco" , G2 + 'Over View'!$B$4, IF(B2 = "Giallo" , G2 + 'Over View'!$B$5, IF(B2 = "Blu" , G2 + 'Over View'!$B$6, IF(B2 = "Verde" , G2 + 'Over View'!$B$7, IF(B2 = "Rosso" , G2 + 'Over View'!$B$8, "Grado Non Inserito") ))))) -> 45700 | I2: FALSE | K2: 45681 | L2: =IF(I2 = TRUE(), "on set", "off set") -> off set
A3: 2 | B3: Giallo | C3: 18 | G3: 45670 | H3: =IF(B3 = "Smile", G3 + 'Over View'!$B$3, IF(B3 = "Bianco" , G3 + 'Over View'!$B$4, IF(B3 = "Giallo" , G3 + 'Over View'!$B$5, IF(B3 = "Blu" , G3 + 'Over View'!$B$6, IF(B3 = "Verde" , G3 + 'Over View'!$B$7, IF(B3 = "Rosso" , G3 + 'Over View'!$B$8, "Grado Non Inserito") ))))) -> 45700 | I3: FALSE | K3: 45681 | L3: =IF(I3 = TRUE(), "on set", "off set") -> off set
A4: 3 | B4: Giallo | C4: 10 | G4: 45670 | H4: =IF(B4 = "Smile", G4 + 'Over View'!$B$3, IF(B4 = "Bianco" , G4 + 'Over View'!$B$4, IF(B4 = "Giallo" , G4 + 'Over View'!$B$5, IF(B4 = "Blu" , G4 + 'Over View'!$B$6, IF(B4 = "Verde" , G4 + 'Over View'!$B$7, IF(B4 = "Rosso" , G4 + 'Over View'!$B$8, "Grado Non Inserito") ))))) -> 45700 | I4: FALSE | K4: 45681 | L4: =IF(I4 = TRUE(), "on set", "off set") -> off set
A5: 4 | B5: Blu | C5: 15 | G5: 45670 | H5: =IF(B5 = "Smile", G5 + 'Over View'!$B$3, IF(B5 = "Bianco" , G5 + 'Over View'!$B$4, IF(B5 = "Giallo" , G5 + 'Over View'!$B$5, IF(B5 = "Blu" , G5 + 'Over View'!$B$6, IF(B5 = "Verde" , G5 + 'Over View'!$B$7, IF(B5 = "Rosso" , G5 + 'Over View'!$B$8, "Grado Non Inserito") ))))) -> 45700 | I5: FALSE | K5: 45681 | L5: =IF(I5 = TRUE(), "on set", "off set") -> off set
A6: 5 | B6: Bianco | C6: 6 | G6: 45670 | H6: =IF(B6 = "Smile", G6 + 'Over View'!$B$3, IF(B6 = "Bianco" , G6 + 'Over View'!$B$4, IF(B6 = "Giallo" , G6 + 'Over View'!$B$5, IF(B6 = "Blu" , G6 + 'Over View'!$B$6, IF(B6 = "Verde" , G6 + 'Over View'!$B$7, IF(B6 = "Rosso" , G6 + 'Over View'!$B$8, "Grado Non Inserito") ))))) -> 45684 | I6: FALSE | K6: 45681 | L6: =IF(I6 = TRUE(), "on set", "off set") -> off set
A7: 6 | B7: Verde | C7: 13 | G7: 45670 | H7: =IF(B7 = "Smile", G7 + 'Over View'!$B$3, IF(B7 = "Bianco" , G7 + 'Over View'!$B$4, IF(B7 = "Giallo" , G7 + 'Over View'!$B$5, IF(B7 = "Blu" , G7 + 'Over View'!$B$6, IF(B7 = "Verde" , G7 + 'Over View'!$B$7, IF(B7 = "Rosso" , G7 + 'Over View'!$B$8, "Grado Non Inserito") ))))) -> 45691 | I7: FALSE | K7: 45681 | L7: =IF(I7 = TRUE(), "on set", "off set") -> off set
A8: 7 | B8: Bianco | C8: 19 | G8: 45670 | H8: =IF(B8 = "Smile", G8 + 'Over View'!$B$3, IF(B8 = "Bianco" , G8 + 'Over View'!$B$4, IF(B8 = "Giallo" , G8 + 'Over View'!$B$5, IF(B8 = "Blu" , G8 + 'Over View'!$B$6, IF(B8 = "Verde" , G8 + 'Over View'!$B$7, IF(B8 = "Rosso" , G8 + 'Over View'!$B$8, "Grado Non Inserito") ))))) -> 45684 | I8: FALSE | K8: 45681 | L8: =IF(I8 = TRUE(), "on set", "off set") -> off set
A9: 8 | B9: Smile | C9: 8 | G9: 45670 | H9: =IF(B9 = "Smile", G9 + 'Over View'!$B$3, IF(B9 = "Bianco" , G9 + 'Over View'!$B$4, IF(B9 = "Giallo" , G9 + 'Over View'!$B$5, IF(B9 = "Blu" , G9 + 'Over View'!$B$6, IF(B9 = "Verde" , G9 + 'Over View'!$B$7, IF(B9 = "Rosso" , G9 + 'Over View'!$B$8, "Grado Non Inserito") ))))) -> 45684 | I9: FALSE | K9: 45681 | L9: =IF(I9 = TRUE(), "on set", "off set") -> off set
A10: 9 | B10: Blu | C10: 17 | G10: 45670 | H10: =IF(B10 = "Smile", G10 + 'Over View'!$B$3, IF(B10 = "Bianco" , G10 + 'Over View'!$B$4, IF(B10 = "Giallo" , G10 + 'Over View'!$B$5, IF(B10 = "Blu" , G10 + 'Over View'!$B$6, IF(B10 = "Verde" , G10 + 'Over View'!$B$7, IF(B10 = "Rosso" , G10 + 'Over View'!$B$8, "Grado Non Inserito") ))))) -> 45700 | I10: FALSE | K10: 45681 | L10: =IF(I10 = TRUE(), "on set", "off set") -> off set
A11: 10 | B11: Verde | C11: 14 | G11: 45670 | H11: =IF(B11 = "Smile", G11 + 'Over View'!$B$3, IF(B11 = "Bianco" , G11 + 'Over View'!$B$4, IF(B11 = "Giallo" , G11 + 'Over View'!$B$5, IF(B11 = "Blu" , G11 + 'Over View'!$B$6, IF(B11 = "Verde" , G11 + 'Over View'!$B$7, IF(B11 = "Rosso" , G11 + 'Over View'!$B$8, "Grado Non Inserito") ))))) -> 45691 | I11: FALSE | K11: 45681 | L11: =IF(I11 = TRUE(), "on set", "off set") -> off set
A12: 11 | B12: Bianco | C12: 16 | G12: 45670 | H12: =IF(B12 = "Smile", G12 + 'Over View'!$B$3, IF(B12 = "Bianco" , G12 + 'Over View'!$B$4, IF(B12 = "Giallo" , G12 + 'Over View'!$B$5, IF(B12 = "Blu" , G12 + 'Over View'!$B$6, IF(B12 = "Verde" , G12 + 'Over View'!$B$7, IF(B12 = "Rosso" , G12 + 'Over View'!$B$8, "Grado Non Inserito") ))))) -> 45684 | I12: FALSE | K12: 45681 | L12: =IF(I12 = TRUE(), "on set", "off set") -> off set
A13: 12 | B13: Smile | C13: 12 | G13: 45670 | H13: =IF(B13 = "Smile", G13 + 'Over View'!$B$3, IF(B13 = "Bianco" , G13 + 'Over View'!$B$4, IF(B13 = "Giallo" , G13 + 'Over View'!$B$5, IF(B13 = "Blu" , G13 + 'Over View'!$B$6, IF(B13 = "Verde" , G13 + 'Over View'!$B$7, IF(B13 = "Rosso" , G13 + 'Over View'!$B$8, "Grado Non Inserito") ))))) -> 45684 | I13: FALSE | K13: 45681 | L13: =IF(I13 = TRUE(), "on set", "off set") -> off set
... A16: 15 | B16: Giallo | C16: 15 | G16: 45670 | H16: =IF(B16 = "Smile", G16 + 'Over View'!$B$3, IF(B16 = "Bianco" , G16 + 'Over View'!$B$4, IF(B16 = "Giallo" , G16 + 'Over View'!$B$5, IF(B16 = "Blu" , G16 + 'Over View'!$B$6, IF(B16 = "Verde" , G16 + 'Over View'!$B$7, IF(B16 = "Rosso" , G16 + 'Over View'!$B$8, "Grado Non Inserito") ))))) -> 45700 | I16: FALSE | K16: 45681 | L16: =IF(I16 = TRUE(), "on set", "off set") -> off set
A17: 16 | B17: Giallo | C17: 7 | E17: dx placca | F17: Leonardo M | G17: 45670 | H17: =IF(B17 = "Smile", G17 + 'Over View'!$B$3, IF(B17 = "Bianco" , G17 + 'Over View'!$B$4, IF(B17 = "Giallo" , G17 + 'Over View'!$B$5, IF(B17 = "Blu" , G17 + 'Over View'!$B$6, IF(B17 = "Verde" , G17 + 'Over View'!$B$7, IF(B17 = "Rosso" , G17 + 'Over View'!$B$8, "Grado Non Inserito") ))))) -> 45700 | I17: FALSE | K17: 45681 | L17: =IF(I17 = TRUE(), "on set", "off set") -> off set
A18: 17 | B18: Bianco | C18: 8 | E18: dx placca | F18: Leonardo M | G18: 45670 | H18: =IF(B18 = "Smile", G18 + 'Over View'!$B$3, IF(B18 = "Bianco" , G18 + 'Over View'!$B$4, IF(B18 = "Giallo" , G18 + 'Over View'!$B$5, IF(B18 = "Blu" , G18 + 'Over View'!$B$6, IF(B18 = "Verde" , G18 + 'Over View'!$B$7, IF(B18 = "Rosso" , G18 + 'Over View'!$B$8, "Grado Non Inserito") ))))) -> 45684 | I18: FALSE | K18: 45681 | L18: =IF(I18 = TRUE(), "on set", "off set") -> off set
A19: 18 | B19: Giallo | C19: 8 | G19: 45670 | H19: =IF(B19 = "Smile", G19 + 'Over View'!$B$3, IF(B19 = "Bianco" , G19 + 'Over View'!$B$4, IF(B19 = "Giallo" , G19 + 'Over View'!$B$5, IF(B19 = "Blu" , G19 + 'Over View'!$B$6, IF(B19 = "Verde" , G19 + 'Over View'!$B$7, IF(B19 = "Rosso" , G19 + 'Over View'!$B$8, "Grado Non Inserito") ))))) -> 45700 | I19: FALSE | K19: 45681 | L19: =IF(I19 = TRUE(), "on set", "off set") -> off set
A20: 19 | B20: Smile | C20: 10 | G20: 45670 | H20: =IF(B20 = "Smile", G20 + 'Over View'!$B$3, IF(B20 = "Bianco" , G20 + 'Over View'!$B$4, IF(B20 = "Giallo" , G20 + 'Over View'!$B$5, IF(B20 = "Blu" , G20 + 'Over View'!$B$6, IF(B20 = "Verde" , G20 + 'Over View'!$B$7, IF(B20 = "Rosso" , G20 + 'Over View'!$B$8, "Grado Non Inserito") ))))) -> 45684 | I20: FALSE | K20: 45681 | L20: =IF(I20 = TRUE(), "on set", "off set") -> off set
A21: 20 | B21: Bianco | C21: 5 | G21: 45670 | H21: =IF(B21 = "Smile", G21 + 'Over View'!$B$3, IF(B21 = "Bianco" , G21 + 'Over View'!$B$4, IF(B21 = "Giallo" , G21 + 'Over View'!$B$5, IF(B21 = "Blu" , G21 + 'Over View'!$B$6, IF(B21 = "Verde" , G21 + 'Over View'!$B$7, IF(B21 = "Rosso" , G21 + 'Over View'!$B$8, "Grado Non Inserito") ))))) -> 45684 | I21: FALSE | K21: 45681 | L21: =IF(I21 = TRUE(), "on set", "off set") -> off set
A22: 21 | B22: Smile | C22: 1 | G22: 45670 | H22: =IF(B22 = "Smile", G22 + 'Over View'!$B$3, IF(B22 = "Bianco" , G22 + 'Over View'!$B$4, IF(B22 = "Giallo" , G22 + 'Over View'!$B$5, IF(B22 = "Blu" , G22 + 'Over View'!$B$6, IF(B22 = "Verde" , G22 + 'Over View'!$B$7, IF(B22 = "Rosso" , G22 + 'Over View'!$B$8, "Grado Non Inserito") ))))) -> 45684 | I22: FALSE | K22: 45681 | L22: =IF(I22 = TRUE(), "on set", "off set") -> off set
A23: 22 | B23: Giallo | C23: 5 | G23: 45670 | H23: =IF(B23 = "Smile", G23 + 'Over View'!$B$3, IF(B23 = "Bianco" , G23 + 'Over View'!$B$4, IF(B23 = "Giallo" , G23 + 'Over View'!$B$5, IF(B23 = "Blu" , G23 + 'Over View'!$B$6, IF(B23 = "Verde" , G23 + 'Over View'!$B$7, IF(B23 = "Rosso" , G23 + 'Over View'!$B$8, "Grado Non Inserito") ))))) -> 45700 | I23: FALSE | K23: 45681 | L23: =IF(I23 = TRUE(), "on set", "off set") -> off set
A24: 23 | B24: Smile | C24: 3 | G24: 45670 | H24: =IF(B24 = "Smile", G24 + 'Over View'!$B$3, IF(B24 = "Bianco" , G24 + 'Over View'!$B$4, IF(B24 = "Giallo" , G24 + 'Over View'!$B$5, IF(B24 = "Blu" , G24 + 'Over View'!$B$6, IF(B24 = "Verde" , G24 + 'Over View'!$B$7, IF(B24 = "Rosso" , G24 + 'Over View'!$B$8, "Grado Non Inserito") ))))) -> 45684 | I24: FALSE | K24: 45681 | L24: =IF(I24 = TRUE(), "on set", "off set") -> off set
A25: 24 | B25: Bianco | C25: 14 | G25: 45670 | H25: =IF(B25 = "Smile", G25 + 'Over View'!$B$3, IF(B25 = "Bianco" , G25 + 'Over View'!$B$4, IF(B25 = "Giallo" , G25 + 'Over View'!$B$5, IF(B25 = "Blu" , G25 + 'Over View'!$B$6, IF(B25 = "Verde" , G25 + 'Over View'!$B$7, IF(B25 = "Rosso" , G25 + 'Over View'!$B$8, "Grado Non Inserito") ))))) -> 45684 | I25: FALSE | K25: 45681 | L25: =IF(I25 = TRUE(), "on set", "off set") -> off set
A26: 25 | B26: Bianco | C26: 11 | G26: 45670 | H26: =IF(B26 = "Smile", G26 + 'Over View'!$B$3, IF(B26 = "Bianco" , G26 + 'Over View'!$B$4, IF(B26 = "Giallo" , G26 + 'Over View'!$B$5, IF(B26 = "Blu" , G26 + 'Over View'!$B$6, IF(B26 = "Verde" , G26 + 'Over View'!$B$7, IF(B26 = "Rosso" , G26 + 'Over View'!$B$8, "Grado Non Inserito") ))))) -> 45684 | I26: FALSE | K26: 45681 | L26: =IF(I26 = TRUE(), "on set", "off set") -> off set
A27: 26 | B27: Bianco | C27: 3 | G27: 45670 | H27: =IF(B27 = "Smile", G27 + 'Over View'!$B$3, IF(B27 = "Bianco" , G27 + 'Over View'!$B$4, IF(B27 = "Giallo" , G27 + 'Over View'!$B$5, IF(B27 = "Blu" , G27 + 'Over View'!$B$6, IF(B27 = "Verde" , G27 + 'Over View'!$B$7, IF(B27 = "Rosso" , G27 + 'Over View'!$B$8, "Grado Non Inserito") ))))) -> 45684 | I27: FALSE | K27: 45681 | L27: =IF(I27 = TRUE(), "on set", "off set") -> off set
A28: 27 | B28: Blu | C28: 9 | G28: 45670 | H28: =IF(B28 = "Smile", G28 + 'Over View'!$B$3, IF(B28 = "Bianco" , G28 + 'Over View'!$B$4, IF(B28 = "Giallo" , G28 + 'Over View'!$B$5, IF(B28 = "Blu" , G28 + 'Over View'!$B$6, IF(B28 = "Verde" , G28 + 'Over View'!$B$7, IF(B28 = "Rosso" , G28 + 'Over View'!$B$8, "Grado Non Inserito") ))))) -> 45700 | I28: FALSE | K28: 45681 | L28: =IF(I28 = TRUE(), "on set", "off set") -> off set
A29: 28 | B29: Giallo | C29: 20 | G29: 45670 | H29: =IF(B29 = "Smile", G29 + 'Over View'!$B$3, IF(B29 = "Bianco" , G29 + 'Over View'!$B$4, IF(B29 = "Giallo" , G29 + 'Over View'!$B$5, IF(B29 = "Blu" , G29 + 'Over View'!$B$6, IF(B29 = "Verde" , G29 + 'Over View'!$B$7, IF(B29 = "Rosso" , G29 + 'Over View'!$B$8, "Grado Non Inserito") ))))) -> 45700 | I29: FALSE | K29: 45681 | L29: =IF(I29 = TRUE(), "on set", "off set") -> off set
A30: 29 | B30: Verde | C30: 5 | G30: 45670 | H30: =IF(B30 = "Smile", G30 + 'Over View'!$B$3, IF(B30 = "Bianco" , G30 + 'Over View'!$B$4, IF(B30 = "Giallo" , G30 + 'Over View'!$B$5, IF(B30 = "Blu" , G30 + 'Over View'!$B$6, IF(B30 = "Verde" , G30 + 'Over View'!$B$7, IF(B30 = "Rosso" , G30 + 'Over View'!$B$8, "Grado Non Inserito") ))))) -> 45691 | I30: FALSE | K30: 45681 | L30: =IF(I30 = TRUE(), "on set", "off set") -> off set
... A32: 31 | B32: Smile | C32: 7 | G32: 45670 | H32: =IF(B32 = "Smile", G32 + 'Over View'!$B$3, IF(B32 = "Bianco" , G32 + 'Over View'!$B$4, IF(B32 = "Giallo" , G32 + 'Over View'!$B$5, IF(B32 = "Blu" , G32 + 'Over View'!$B$6, IF(B32 = "Verde" , G32 + 'Over View'!$B$7, IF(B32 = "Rosso" , G32 + 'Over View'!$B$8, "Grado Non Inserito") ))))) -> 45684 | I32: FALSE | K32: 45681 | L32: =IF(I32 = TRUE(), "on set", "off set") -> off set
A33: 32 | B33: Bianco | C33: 14 | F33: Leonardo M | G33: 45670 | H33: =IF(B33 = "Smile", G33 + 'Over View'!$B$3, IF(B33 = "Bianco" , G33 + 'Over View'!$B$4, IF(B33 = "Giallo" , G33 + 'Over View'!$B$5, IF(B33 = "Blu" , G33 + 'Over View'!$B$6, IF(B33 = "Verde" , G33 + 'Over View'!$B$7, IF(B33 = "Rosso" , G33 + 'Over View'!$B$8, "Grado Non Inserito") ))))) -> 45684 | I33: FALSE | K33: 45681 | L33: =IF(I33 = TRUE(), "on set", "off set") -> off set
A34: 33 | B34: Giallo | C34: 9 | G34: 45670 | H34: =IF(B34 = "Smile", G34 + 'Over View'!$B$3, IF(B34 = "Bianco" , G34 + 'Over View'!$B$4, IF(B34 = "Giallo" , G34 + 'Over View'!$B$5, IF(B34 = "Blu" , G34 + 'Over View'!$B$6, IF(B34 = "Verde" , G34 + 'Over View'!$B$7, IF(B34 = "Rosso" , G34 + 'Over View'!$B$8, "Grado Non Inserito") ))))) -> 45700 | I34: FALSE | K34: 45681 | L34: =IF(I34 = TRUE(), "on set", "off set") -> off set
A35: 34 | B35: Blu | C35: 4 | G35: 45670 | H35: =IF(B35 = "Smile", G35 + 'Over View'!$B$3, IF(B35 = "Bianco" , G35 + 'Over View'!$B$4, IF(B35 = "Giallo" , G35 + 'Over View'!$B$5, IF(B35 = "Blu" , G35 + 'Over View'!$B$6, IF(B35 = "Verde" , G35 + 'Over View'!$B$7, IF(B35 = "Rosso" , G35 + 'Over View'!$B$8, "Grado Non Inserito") ))))) -> 45700 | I35: FALSE | K35: 45681 | L35: =IF(I35 = TRUE(), "on set", "off set") -> off set
A36: 35 | B36: Bianco | C36: 6 | E36: verticale | F36: Leonardo M | G36: 45670 | H36: =IF(B36 = "Smile", G36 + 'Over View'!$B$3, IF(B36 = "Bianco" , G36 + 'Over View'!$B$4, IF(B36 = "Giallo" , G36 + 'Over View'!$B$5, IF(B36 = "Blu" , G36 + 'Over View'!$B$6, IF(B36 = "Verde" , G36 + 'Over View'!$B$7, IF(B36 = "Rosso" , G36 + 'Over View'!$B$8, "Grado Non Inserito") ))))) -> 45684 | I36: FALSE | K36: 45681 | L36: =IF(I36 = TRUE(), "on set", "off set") -> off set
A37: 36 | B37: Giallo | C37: 13 | E37: verticale | F37: Leonardo M | G37: 45670 | H37: =IF(B37 = "Smile", G37 + 'Over View'!$B$3, IF(B37 = "Bianco" , G37 + 'Over View'!$B$4, IF(B37 = "Giallo" , G37 + 'Over View'!$B$5, IF(B37 = "Blu" , G37 + 'Over View'!$B$6, IF(B37 = "Verde" , G37 + 'Over View'!$B$7, IF(B37 = "Rosso" , G37 + 'Over View'!$B$8, "Grado Non Inserito") ))))) -> 45700 | I37: FALSE | K37: 45681 | L37: =IF(I37 = TRUE(), "on set", "off set") -> off set
A38: 37 | B38: Smile | C38: 2 | G38: 45670 | H38: =IF(B38 = "Smile", G38 + 'Over View'!$B$3, IF(B38 = "Bianco" , G38 + 'Over View'!$B$4, IF(B38 = "Giallo" , G38 + 'Over View'!$B$5, IF(B38 = "Blu" , G38 + 'Over View'!$B$6, IF(B38 = "Verde" , G38 + 'Over View'!$B$7, IF(B38 = "Rosso" , G38 + 'Over View'!$B$8, "Grado Non Inserito") ))))) -> 45684 | I38: FALSE | K38: 45681 | L38: =IF(I38 = TRUE(), "on set", "off set") -> off set
A39: 38 | B39: Smile | C39: 6 | E39: verticale | F39: Leonardo M | G39: 45670 | H39: =IF(B39 = "Smile", G39 + 'Over View'!$B$3, IF(B39 = "Bianco" , G39 + 'Over View'!$B$4, IF(B39 = "Giallo" , G39 + 'Over View'!$B$5, IF(B39 = "Blu" , G39 + 'Over View'!$B$6, IF(B39 = "Verde" , G39 + 'Over View'!$B$7, IF(B39 = "Rosso" , G39 + 'Over View'!$B$8, "Grado Non Inserito") ))))) -> 45684 | I39: FALSE | K39: 45681 | L39: =IF(I39 = TRUE(), "on set", "off set") -> off set
A40: 39 | B40: Giallo | C40: 3 | G40: 45670 | H40: =IF(B40 = "Smile", G40 + 'Over View'!$B$3, IF(B40 = "Bianco" , G40 + 'Over View'!$B$4, IF(B40 = "Giallo" , G40 + 'Over View'!$B$5, IF(B40 = "Blu" , G40 + 'Over View'!$B$6, IF(B40 = "Verde" , G40 + 'Over View'!$B$7, IF(B40 = "Rosso" , G40 + 'Over View'!$B$8, "Grado Non Inserito") ))))) -> 45700 | I40: FALSE | K40: 45681 | L40: =IF(I40 = TRUE(), "on set", "off set") -> off set
A41: 40 | B41: Bianco | C41: 2 | G41: 45670 | H41: =IF(B41 = "Smile", G41 + 'Over View'!$B$3, IF(B41 = "Bianco" , G41 + 'Over View'!$B$4, IF(B41 = "Giallo" , G41 + 'Over View'!$B$5, IF(B41 = "Blu" , G41 + 'Over View'!$B$6, IF(B41 = "Verde" , G41 + 'Over View'!$B$7, IF(B41 = "Rosso" , G41 + 'Over View'!$B$8, "Grado Non Inserito") ))))) -> 45684 | I41: FALSE | K41: 45681 | L41: =IF(I41 = TRUE(), "on set", "off set") -> off set
A42: 41 | B42: Blu | C42: 9 | G42: 45670 | H42: =IF(B42 = "Smile", G42 + 'Over View'!$B$3, IF(B42 = "Bianco" , G42 + 'Over View'!$B$4, IF(B42 = "Giallo" , G42 + 'Over View'!$B$5, IF(B42 = "Blu" , G42 + 'Over View'!$B$6, IF(B42 = "Verde" , G42 + 'Over View'!$B$7, IF(B42 = "Rosso" , G42 + 'Over View'!$B$8, "Grado Non Inserito") ))))) -> 45700 | I42: FALSE | K42: 45681 | L42: =IF(I42 = TRUE(), "on set", "off set") -> off set
A43: 42 | B43: Verde | C43: 2 | G43: 45670 | H43: =IF(B43 = "Smile", G43 + 'Over View'!$B$3, IF(B43 = "Bianco" , G43 + 'Over View'!$B$4, IF(B43 = "Giallo" , G43 + 'Over View'!$B$5, IF(B43 = "Blu" , G43 + 'Over View'!$B$6, IF(B43 = "Verde" , G43 + 'Over View'!$B$7, IF(B43 = "Rosso" , G43 + 'Over View'!$B$8, "Grado Non Inserito") ))))) -> 45691 | I43: FALSE | K43: 45681 | L43: =IF(I43 = TRUE(), "on set", "off set") -> off set
A44: 43 | B44: Blu | C44: 18 | G44: 45670 | H44: =IF(B44 = "Smile", G44 + 'Over View'!$B$3, IF(B44 = "Bianco" , G44 + 'Over View'!$B$4, IF(B44 = "Giallo" , G44 + 'Over View'!$B$5, IF(B44 = "Blu" , G44 + 'Over View'!$B$6, IF(B44 = "Verde" , G44 + 'Over View'!$B$7, IF(B44 = "Rosso" , G44 + 'Over View'!$B$8, "Grado Non Inserito") ))))) -> 45700 | I44: FALSE | K44: 45681 | L44: =IF(I44 = TRUE(), "on set", "off set") -> off set
A45: 44 | B45: Verde | C45: 3 | G45: 45670 | H45: =IF(B45 = "Smile", G45 + 'Over View'!$B$3, IF(B45 = "Bianco" , G45 + 'Over View'!$B$4, IF(B45 = "Giallo" , G45 + 'Over View'!$B$5, IF(B45 = "Blu" , G45 + 'Over View'!$B$6, IF(B45 = "Verde" , G45 + 'Over View'!$B$7, IF(B45 = "Rosso" , G45 + 'Over View'!$B$8, "Grado Non Inserito") ))))) -> 45691 | I45: FALSE | K45: 45681 | L45: =IF(I45 = TRUE(), "on set", "off set") -> off set
A46: 45 | B46: Blu | C46: 1 | G46: 45670 | H46: =IF(B46 = "Smile", G46 + 'Over View'!$B$3, IF(B46 = "Bianco" , G46 + 'Over View'!$B$4, IF(B46 = "Giallo" , G46 + 'Over View'!$B$5, IF(B46 = "Blu" , G46 + 'Over View'!$B$6, IF(B46 = "Verde" , G46 + 'Over View'!$B$7, IF(B46 = "Rosso" , G46 + 'Over View'!$B$8, "Grado Non Inserito") ))))) -> 45700 | I46: FALSE | K46: 45681 | L46: =IF(I46 = TRUE(), "on set", "off set") -> off set
A47: 46 | B47: Rosso | C47: 10 | G47: 45670 | H47: =IF(B47 = "Smile", G47 + 'Over View'!$B$3, IF(B47 = "Bianco" , G47 + 'Over View'!$B$4, IF(B47 = "Giallo" , G47 + 'Over View'!$B$5, IF(B47 = "Blu" , G47 + 'Over View'!$B$6, IF(B47 = "Verde" , G47 + 'Over View'!$B$7, IF(B47 = "Rosso" , G47 + 'Over View'!$B$8, "Grado Non Inserito") ))))) -> 45691 | I47: FALSE | K47: 45681 | L47: =IF(I47 = TRUE(), "on set", "off set") -> off set
A48: 47 | B48: Giallo | C48: 4 | G48: 45670 | H48: =IF(B48 = "Smile", G48 + 'Over View'!$B$3, IF(B48 = "Bianco" , G48 + 'Over View'!$B$4, IF(B48 = "Giallo" , G48 + 'Over View'!$B$5, IF(B48 = "Blu" , G48 + 'Over View'!$B$6, IF(B48 = "Verde" , G48 + 'Over View'!$B$7, IF(B48 = "Rosso" , G48 + 'Over View'!$B$8, "Grado Non Inserito") ))))) -> 45700 | I48: FALSE | K48: 45681 | L48: =IF(I48 = TRUE(), "on set", "off set") -> off set
A49: 48 | B49: Blu | C49: 7 | G49: 45670 | H49: =IF(B49 = "Smile", G49 + 'Over View'!$B$3, IF(B49 = "Bianco" , G49 + 'Over View'!$B$4, IF(B49 = "Giallo" , G49 + 'Over View'!$B$5, IF(B49 = "Blu" , G49 + 'Over View'!$B$6, IF(B49 = "Verde" , G49 + 'Over View'!$B$7, IF(B49 = "Rosso" , G49 + 'Over View'!$B$8, "Grado Non Inserito") ))))) -> 45700 | I49: FALSE | K49: 45681 | L49: =IF(I49 = TRUE(), "on set", "off set") -> off set
A50: 49 | B50: Rosso | C50: 1 | G50: 45670 | H50: =IF(B50 = "Smile", G50 + 'Over View'!$B$3, IF(B50 = "Bianco" , G50 + 'Over View'!$B$4, IF(B50 = "Giallo" , G50 + 'Over View'!$B$5, IF(B50 = "Blu" , G50 + 'Over View'!$B$6, IF(B50 = "Verde" , G50 + 'Over View'!$B$7, IF(B50 = "Rosso" , G50 + 'Over View'!$B$8, "Grado Non Inserito") ))))) -> 45691 | I50: FALSE | K50: 45681 | L50: =IF(I50 = TRUE(), "on set", "off set") -> off set
A51: 50 | B51: Giallo | C51: 2 | G51: 45670 | H51: =IF(B51 = "Smile", G51 + 'Over View'!$B$3, IF(B51 = "Bianco" , G51 + 'Over View'!$B$4, IF(B51 = "Giallo" , G51 + 'Over View'!$B$5, IF(B51 = "Blu" , G51 + 'Over View'!$B$6, IF(B51 = "Verde" , G51 + 'Over View'!$B$7, IF(B51 = "Rosso" , G51 + 'Over View'!$B$8, "Grado Non Inserito") ))))) -> 45700 | I51: FALSE | K51: 45681 | L51: =IF(I51 = TRUE(), "on set", "off set") -> off set
A52: 51 | B52: Blu | C52: 2 | G52: 45670 | H52: =IF(B52 = "Smile", G52 + 'Over View'!$B$3, IF(B52 = "Bianco" , G52 + 'Over View'!$B$4, IF(B52 = "Giallo" , G52 + 'Over View'!$B$5, IF(B52 = "Blu" , G52 + 'Over View'!$B$6, IF(B52 = "Verde" , G52 + 'Over View'!$B$7, IF(B52 = "Rosso" , G52 + 'Over View'!$B$8, "Grado Non Inserito") ))))) -> 45700 | I52: FALSE | K52: 45681 | L52: =IF(I52 = TRUE(), "on set", "off set") -> off set
A53: 52 | B53: Bianco | C53: 10 | E53: sx legg. strapiombo | F53: Leonardo M | G53: 45670 | H53: =IF(B53 = "Smile", G53 + 'Over View'!$B$3, IF(B53 = "Bianco" , G53 + 'Over View'!$B$4, IF(B53 = "Giallo" , G53 + 'Over View'!$B$5, IF(B53 = "Blu" , G53 + 'Over View'!$B$6, IF(B53 = "Verde" , G53 + 'Over View'!$B$7, IF(B53 = "Rosso" , G53 + 'Over View'!$B$8, "Grado Non Inserito") ))))) -> 45684 | I53: FALSE | K53: 45681 | L53: =IF(I53 = TRUE(), "on set", "off set") -> off set
A54: 53 | B54: Bianco | C54: 18 | G54: 45670 | H54: =IF(B54 = "Smile", G54 + 'Over View'!$B$3, IF(B54 = "Bianco" , G54 + 'Over View'!$B$4, IF(B54 = "Giallo" , G54 + 'Over View'!$B$5, IF(B54 = "Blu" , G54 + 'Over View'!$B$6, IF(B54 = "Verde" , G54 + 'Over View'!$B$7, IF(B54 = "Rosso" , G54 + 'Over View'!$B$8, "Grado Non Inserito") ))))) -> 45684 | I54: FALSE | K54: 45681 | L54: =IF(I54 = TRUE(), "on set", "off set") -> off set
A55: 54 | B55: Smile | C55: 5 | G55: 45670 | H55: =IF(B55 = "Smile", G55 + 'Over View'!$B$3, IF(B55 = "Bianco" , G55 + 'Over View'!$B$4, IF(B55 = "Giallo" , G55 + 'Over View'!$B$5, IF(B55 = "Blu" , G55 + 'Over View'!$B$6, IF(B55 = "Verde" , G55 + 'Over View'!$B$7, IF(B55 = "Rosso" , G55 + 'Over View'!$B$8, "Grado Non Inserito") ))))) -> 45684 | I55: FALSE | K55: 45681 | L55: =IF(I55 = TRUE(), "on set", "off set") -> off set
A56: 55 | B56: Giallo | C56: 9 | E56: sx legg. strapiombo | F56: Leonardo M | G56: 45670 | H56: =IF(B56 = "Smile", G56 + 'Over View'!$B$3, IF(B56 = "Bianco" , G56 + 'Over View'!$B$4, IF(B56 = "Giallo" , G56 + 'Over View'!$B$5, IF(B56 = "Blu" , G56 + 'Over View'!$B$6, IF(B56 = "Verde" , G56 + 'Over View'!$B$7, IF(B56 = "Rosso" , G56 + 'Over View'!$B$8, "Grado Non Inserito") ))))) -> 45700 | I56: FALSE | K56: 45681 | L56: =IF(I56 = TRUE(), "on set", "off set") -> off set
A57: 56 | B57: Blu | C57: 12 | G57: 45670 | H57: =IF(B57 = "Smile", G57 + 'Over View'!$B$3, IF(B57 = "Bianco" , G57 + 'Over View'!$B$4, IF(B57 = "Giallo" , G57 + 'Over View'!$B$5, IF(B57 = "Blu" , G57 + 'Over View'!$B$6, IF(B57 = "Verde" , G57 + 'Over View'!$B$7, IF(B57 = "Rosso" , G57 + 'Over View'!$B$8, "Grado Non Inserito") ))))) -> 45700 | I57: FALSE | K57: 45681 | L57: =IF(I57 = TRUE(), "on set", "off set") -> off set
A58: 57 | B58: Blu | C58: 9 | G58: 45670 | H58: =IF(B58 = "Smile", G58 + 'Over View'!$B$3, IF(B58 = "Bianco" , G58 + 'Over View'!$B$4, IF(B58 = "Giallo" , G58 + 'Over View'!$B$5, IF(B58 = "Blu" , G58 + 'Over View'!$B$6, IF(B58 = "Verde" , G58 + 'Over View'!$B$7, IF(B58 = "Rosso" , G58 + 'Over View'!$B$8, "Grado Non Inserito") ))))) -> 45700 | I58: FALSE | K58: 45681 | L58: =IF(I58 = TRUE(), "on set", "off set") -> off set
A59: 58 | B59: Smile | C59: 2 | E59: dx placca | F59: Leonardo M | G59: 45684 | H59: =IF(B59 = "Smile", G59 + 'Over View'!$B$3, IF(B59 = "Bianco" , G59 + 'Over View'!$B$4, IF(B59 = "Giallo" , G59 + 'Over View'!$B$5, IF(B59 = "Blu" , G59 + 'Over View'!$B$6, IF(B59 = "Verde" , G59 + 'Over View'!$B$7, IF(B59 = "Rosso" , G59 + 'Over View'!$B$8, "Grado Non Inserito") ))))) -> 45698 | I59: FALSE | K59: 45699 | L59: =IF(I59 = TRUE(), "on set", "off set") -> off set
A60: 59 | B60: Blu | C60: 3 | E60: dx placca | F60: Andrea | G60: 45684 | H60: =IF(B60 = "Smile", G60 + 'Over View'!$B$3, IF(B60 = "Bianco" , G60 + 'Over View'!$B$4, IF(B60 = "Giallo" , G60 + 'Over View'!$B$5, IF(B60 = "Blu" , G60 + 'Over View'!$B$6, IF(B60 = "Verde" , G60 + 'Over View'!$B$7, IF(B60 = "Rosso" , G60 + 'Over View'!$B$8, "Grado Non Inserito") ))))) -> 45714 | I60: FALSE | K60: 45720 | L60: =IF(I60 = TRUE(), "on set", "off set") -> off set
A61: 60 | B61: Rosso | C61: 9 | E61: dx placca | F61: Dani | G61: 45684 | H61: =IF(B61 = "Smile", G61 + 'Over View'!$B$3, IF(B61 = "Bianco" , G61 + 'Over View'!$B$4, IF(B61 = "Giallo" , G61 + 'Over View'!$B$5, IF(B61 = "Blu" , G61 + 'Over View'!$B$6, IF(B61 = "Verde" , G61 + 'Over View'!$B$7, IF(B61 = "Rosso" , G61 + 'Over View'!$B$8, "Grado Non Inserito") ))))) -> 45705 | I61: FALSE | L61: =IF(I61 = TRUE(), "on set", "off set") -> off set
A62: 61 | B62: Smile | C62: 5 | E62: dx verticale | F62: Andrea | G62: 45684 | H62: =IF(B62 = "Smile", G62 + 'Over View'!$B$3, IF(B62 = "Bianco" , G62 + 'Over View'!$B$4, IF(B62 = "Giallo" , G62 + 'Over View'!$B$5, IF(B62 = "Blu" , G62 + 'Over View'!$B$6, IF(B62 = "Verde" , G62 + 'Over View'!$B$7, IF(B62 = "Rosso" , G62 + 'Over View'!$B$8, "Grado Non Inserito") ))))) -> 45698 | I62: FALSE | K62: 45699 | L62: =IF(I62 = TRUE(), "on set", "off set") -> off set
A63: 62 | B63: Blu | C63: 11 | E63: dx verticale | F63: Dani | G63: 45684 | H63: =IF(B63 = "Smile", G63 + 'Over View'!$B$3, IF(B63 = "Bianco" , G63 + 'Over View'!$B$4, IF(B63 = "Giallo" , G63 + 'Over View'!$B$5, IF(B63 = "Blu" , G63 + 'Over View'!$B$6, IF(B63 = "Verde" , G63 + 'Over View'!$B$7, IF(B63 = "Rosso" , G63 + 'Over View'!$B$8, "Grado Non Inserito") ))))) -> 45714 | I63: FALSE | L63: =IF(I63 = TRUE(), "on set", "off set") -> off set
A64: 63 | B64: Smile | C64: 1 | E64: dx verticale | F64: Andrea | G64: 45684 | H64: =IF(B64 = "Smile", G64 + 'Over View'!$B$3, IF(B64 = "Bianco" , G64 + 'Over View'!$B$4, IF(B64 = "Giallo" , G64 + 'Over View'!$B$5, IF(B64 = "Blu" , G64 + 'Over View'!$B$6, IF(B64 = "Verde" , G64 + 'Over View'!$B$7, IF(B64 = "Rosso" , G64 + 'Over View'!$B$8, "Grado Non Inserito") ))))) -> 45698 | I64: FALSE | L64: =IF(I64 = TRUE(), "on set", "off set") -> off set
A65: 64 | B65: Rosso | C65: 3 | E65: dx prua | F65: Andrea | G65: 45684 | H65: =IF(B65 = "Smile", G65 + 'Over View'!$B$3, IF(B65 = "Bianco" , G65 + 'Over View'!$B$4, IF(B65 = "Giallo" , G65 + 'Over View'!$B$5, IF(B65 = "Blu" , G65 + 'Over View'!$B$6, IF(B65 = "Verde" , G65 + 'Over View'!$B$7, IF(B65 = "Rosso" , G65 + 'Over View'!$B$8, "Grado Non Inserito") ))))) -> 45705 | I65: FALSE | L65: =IF(I65 = TRUE(), "on set", "off set") -> off set
A66: 65 | B66: Bianco | C66: 10 | E66: dx prua | F66: Andrea | G66: 45684 | H66: =IF(B66 = "Smile", G66 + 'Over View'!$B$3, IF(B66 = "Bianco" , G66 + 'Over View'!$B$4, IF(B66 = "Giallo" , G66 + 'Over View'!$B$5, IF(B66 = "Blu" , G66 + 'Over View'!$B$6, IF(B66 = "Verde" , G66 + 'Over View'!$B$7, IF(B66 = "Rosso" , G66 + 'Over View'!$B$8, "Grado Non Inserito") ))))) -> 45698 | I66: FALSE | L66: =IF(I66 = TRUE(), "on set", "off set") -> off set
A67: 66 | B67: Smile | C67: 3 | E67: dx prua | F67: Andrea | G67: 45684 | H67: =IF(B67 = "Smile", G67 + 'Over View'!$B$3, IF(B67 = "Bianco" , G67 + 'Over View'!$B$4, IF(B67 = "Giallo" , G67 + 'Over View'!$B$5, IF(B67 = "Blu" , G67 + 'Over View'!$B$6, IF(B67 = "Verde" , G67 + 'Over View'!$B$7, IF(B67 = "Rosso" , G67 + 'Over View'!$B$8, "Grado Non Inserito") ))))) -> 45698 | I67: FALSE | L67: =IF(I67 = TRUE(), "on set", "off set") -> off set
A68: 67 | B68: Giallo | C68: 8 | E68: dx prua | F68: Andrea | G68: 45684 | H68: =IF(B68 = "Smile", G68 + 'Over View'!$B$3, IF(B68 = "Bianco" , G68 + 'Over View'!$B$4, IF(B68 = "Giallo" , G68 + 'Over View'!$B$5, IF(B68 = "Blu" , G68 + 'Over View'!$B$6, IF(B68 = "Verde" , G68 + 'Over View'!$B$7, IF(B68 = "Rosso" , G68 + 'Over View'!$B$8, "Grado Non Inserito") ))))) -> 45714 | I68: FALSE | L68: =IF(I68 = TRUE(), "on set", "off set") -> off set
A69: 68 | B69: Blu | C69: 12 | E69: verticale | F69: Giulio | G69: 45684 | H69: =IF(B69 = "Smile", G69 + 'Over View'!$B$3, IF(B69 = "Bianco" , G69 + 'Over View'!$B$4, IF(B69 = "Giallo" , G69 + 'Over View'!$B$5, IF(B69 = "Blu" , G69 + 'Over View'!$B$6, IF(B69 = "Verde" , G69 + 'Over View'!$B$7, IF(B69 = "Rosso" , G69 + 'Over View'!$B$8, "Grado Non Inserito") ))))) -> 45714 | I69: FALSE | L69: =IF(I69 = TRUE(), "on set", "off set") -> off set
A70: 69 | B70: Smile | C70: 6 | E70: verticale | F70: Leonardo M | G70: 45684 | H70: =IF(B70 = "Smile", G70 + 'Over View'!$B$3, IF(B70 = "Bianco" , G70 + 'Over View'!$B$4, IF(B70 = "Giallo" , G70 + 'Over View'!$B$5, IF(B70 = "Blu" , G70 + 'Over View'!$B$6, IF(B70 = "Verde" , G70 + 'Over View'!$B$7, IF(B70 = "Rosso" , G70 + 'Over View'!$B$8, "Grado Non Inserito") ))))) -> 45698 | I70: FALSE | K70: 45706 | L70: =IF(I70 = TRUE(), "on set", "off set") -> off set
A71: 70 | B71: Blu | C71: 7 | E71: sx big strapiombo | F71: Andrea | G71: 45684 | H71: =IF(B71 = "Smile", G71 + 'Over View'!$B$3, IF(B71 = "Bianco" , G71 + 'Over View'!$B$4, IF(B71 = "Giallo" , G71 + 'Over View'!$B$5, IF(B71 = "Blu" , G71 + 'Over View'!$B$6, IF(B71 = "Verde" , G71 + 'Over View'!$B$7, IF(B71 = "Rosso" , G71 + 'Over View'!$B$8, "Grado Non Inserito") ))))) -> 45714 | I71: FALSE | L71: =IF(I71 = TRUE(), "on set", "off set") -> off set
A72: 71 | B72: Rosso | C72: 1 | E72: sx big strapiombo | F72: Giulio | G72: 45684 | H72: =IF(B72 = "Smile", G72 + 'Over View'!$B$3, IF(B72 = "Bianco" , G72 + 'Over View'!$B$4, IF(B72 = "Giallo" , G72 + 'Over View'!$B$5, IF(B72 = "Blu" , G72 + 'Over View'!$B$6, IF(B72 = "Verde" , G72 + 'Over View'!$B$7, IF(B72 = "Rosso" , G72 + 'Over View'!$B$8, "Grado Non Inserito") ))))) -> 45705 | I72: FALSE | L72: =IF(I72 = TRUE(), "on set", "off set") -> off set
A73: 72 | B73: Blu | C73: 13 | E73: sx big strapiombo | F73: Giulio | G73: 45684 | H73: =IF(B73 = "Smile", G73 + 'Over View'!$B$3, IF(B73 = "Bianco" , G73 + 'Over View'!$B$4, IF(B73 = "Giallo" , G73 + 'Over View'!$B$5, IF(B73 = "Blu" , G73 + 'Over View'!$B$6, IF(B73 = "Verde" , G73 + 'Over View'!$B$7, IF(B73 = "Rosso" , G73 + 'Over View'!$B$8, "Grado Non Inserito") ))))) -> 45714 | I73: FALSE | L73: =IF(I73 = TRUE(), "on set", "off set") -> off set
A74: 73 | B74: Blu | C74: 19 | E74: sx legg. strapiombo | F74: Leonardo M | G74: 45684 | H74: =IF(B74 = "Smile", G74 + 'Over View'!$B$3, IF(B74 = "Bianco" , G74 + 'Over View'!$B$4, IF(B74 = "Giallo" , G74 + 'Over View'!$B$5, IF(B74 = "Blu" , G74 + 'Over View'!$B$6, IF(B74 = "Verde" , G74 + 'Over View'!$B$7, IF(B74 = "Rosso" , G74 + 'Over View'!$B$8, "Grado Non Inserito") ))))) -> 45714 | I74: FALSE | K74: 45755 | L74: =IF(I74 = TRUE(), "on set", "off set") -> off set
A75: 74 | B75: Bianco | C75: 14 | E75: sx legg. strapiombo | F75: Leonardo M | G75: 45684 | H75: =IF(B75 = "Smile", G75 + 'Over View'!$B$3, IF(B75 = "Bianco" , G75 + 'Over View'!$B$4, IF(B75 = "Giallo" , G75 + 'Over View'!$B$5, IF(B75 = "Blu" , G75 + 'Over View'!$B$6, IF(B75 = "Verde" , G75 + 'Over View'!$B$7, IF(B75 = "Rosso" , G75 + 'Over View'!$B$8, "Grado Non Inserito") ))))) -> 45698 | I75: FALSE | L75: =IF(I75 = TRUE(), "on set", "off set") -> off set
A76: 75 | B76: Smile | C76: 7 | E76: sx legg. strapiombo | F76: Andrea | G76: 45684 | H76: =IF(B76 = "Smile", G76 + 'Over View'!$B$3, IF(B76 = "Bianco" , G76 + 'Over View'!$B$4, IF(B76 = "Giallo" , G76 + 'Over View'!$B$5, IF(B76 = "Blu" , G76 + 'Over View'!$B$6, IF(B76 = "Verde" , G76 + 'Over View'!$B$7, IF(B76 = "Rosso" , G76 + 'Over View'!$B$8, "Grado Non Inserito") ))))) -> 45698 | I76: FALSE | L76: =IF(I76 = TRUE(), "on set", "off set") -> off set
A77: 76 | B77: Blu | C77: 1 | E77: sx legg. strapiombo | F77: Andrea | G77: 45684 | H77: =IF(B77 = "Smile", G77 + 'Over View'!$B$3, IF(B77 = "Bianco" , G77 + 'Over View'!$B$4, IF(B77 = "Giallo" , G77 + 'Over View'!$B$5, IF(B77 = "Blu" , G77 + 'Over View'!$B$6, IF(B77 = "Verde" , G77 + 'Over View'!$B$7, IF(B77 = "Rosso" , G77 + 'Over View'!$B$8, "Grado Non Inserito") ))))) -> 45714 | I77: FALSE | L77: =IF(I77 = TRUE(), "on set", "off set") -> off set
A78: 77 | B78: Smile | C78: 10 | E78: New placca | F78: Giulio | G78: 45684 | H78: =IF(B78 = "Smile", G78 + 'Over View'!$B$3, IF(B78 = "Bianco" , G78 + 'Over View'!$B$4, IF(B78 = "Giallo" , G78 + 'Over View'!$B$5, IF(B78 = "Blu" , G78 + 'Over View'!$B$6, IF(B78 = "Verde" , G78 + 'Over View'!$B$7, IF(B78 = "Rosso" , G78 + 'Over View'!$B$8, "Grado Non Inserito") ))))) -> 45698 | I78: FALSE | L78: =IF(I78 = TRUE(), "on set", "off set") -> off set
A79: 78 | B79: Blu | C79: 8 | E79: New placca | F79: Andrea | G79: 45684 | H79: =IF(B79 = "Smile", G79 + 'Over View'!$B$3, IF(B79 = "Bianco" , G79 + 'Over View'!$B$4, IF(B79 = "Giallo" , G79 + 'Over View'!$B$5, IF(B79 = "Blu" , G79 + 'Over View'!$B$6, IF(B79 = "Verde" , G79 + 'Over View'!$B$7, IF(B79 = "Rosso" , G79 + 'Over View'!$B$8, "Grado Non Inserito") ))))) -> 45714 | I79: FALSE | L79: =IF(I79 = TRUE(), "on set", "off set") -> off set
A80: 79 | B80: Rosso | C80: 4 | E80: New placca | F80: Andrea | G80: 45684 | H80: =IF(B80 = "Smile", G80 + 'Over View'!$B$3, IF(B80 = "Bianco" , G80 + 'Over View'!$B$4, IF(B80 = "Giallo" , G80 + 'Over View'!$B$5, IF(B80 = "Blu" , G80 + 'Over View'!$B$6, IF(B80 = "Verde" , G80 + 'Over View'!$B$7, IF(B80 = "Rosso" , G80 + 'Over View'!$B$8, "Grado Non Inserito") ))))) -> 45705 | I80: FALSE | K80: 45706 | L80: =IF(I80 = TRUE(), "on set", "off set") -> off set
A81: 80 | B81: Smile | C81: 14 | E81: New verticale | F81: Andrea | G81: 45684 | H81: =IF(B81 = "Smile", G81 + 'Over View'!$B$3, IF(B81 = "Bianco" , G81 + 'Over View'!$B$4, IF(B81 = "Giallo" , G81 + 'Over View'!$B$5, IF(B81 = "Blu" , G81 + 'Over View'!$B$6, IF(B81 = "Verde" , G81 + 'Over View'!$B$7, IF(B81 = "Rosso" , G81 + 'Over View'!$B$8, "Grado Non Inserito") ))))) -> 45698 | I81: FALSE | L81: =IF(I81 = TRUE(), "on set", "off set") -> off set
A82: 81 | B82: Bianco | C82: 3 | E82: New verticale | F82: Giulio | G82: 45684 | H82: =IF(B82 = "Smile", G82 + 'Over View'!$B$3, IF(B82 = "Bianco" , G82 + 'Over View'!$B$4, IF(B82 = "Giallo" , G82 + 'Over View'!$B$5, IF(B82 = "Blu" , G82 + 'Over View'!$B$6, IF(B82 = "Verde" , G82 + 'Over View'!$B$7, IF(B82 = "Rosso" , G82 + 'Over View'!$B$8, "Grado Non Inserito") ))))) -> 45698 | I82: FALSE | L82: =IF(I82 = TRUE(), "on set", "off set") -> off set
A83: 82 | B83: Giallo | C83: 12 | E83: New verticale | F83: Giulio | G83: 45684 | H83: =IF(B83 = "Smile", G83 + 'Over View'!$B$3, IF(B83 = "Bianco" , G83 + 'Over View'!$B$4, IF(B83 = "Giallo" , G83 + 'Over View'!$B$5, IF(B83 = "Blu" , G83 + 'Over View'!$B$6, IF(B83 = "Verde" , G83 + 'Over View'!$B$7, IF(B83 = "Rosso" , G83 + 'Over View'!$B$8, "Grado Non Inserito") ))))) -> 45714 | I83: FALSE | L83: =IF(I83 = TRUE(), "on set", "off set") -> off set
A84: 83 | B84: Blu | C84: 8 | E84: New verticale | F84: Andrea | G84: 45684 | H84: =IF(B84 = "Smile", G84 + 'Over View'!$B$3, IF(B84 = "Bianco" , G84 + 'Over View'!$B$4, IF(B84 = "Giallo" , G84 + 'Over View'!$B$5, IF(B84 = "Blu" , G84 + 'Over View'!$B$6, IF(B84 = "Verde" , G84 + 'Over View'!$B$7, IF(B84 = "Rosso" , G84 + 'Over View'!$B$8, "Grado Non Inserito") ))))) -> 45714 | I84: FALSE | L84: =IF(I84 = TRUE(), "on set", "off set") -> off set
A85: 84 | B85: Blu | C85: 9 | E85: New verticale | F85: Giulio | G85: 45684 | H85: =IF(B85 = "Smile", G85 + 'Over View'!$B$3, IF(B85 = "Bianco" , G85 + 'Over View'!$B$4, IF(B85 = "Giallo" , G85 + 'Over View'!$B$5, IF(B85 = "Blu" , G85 + 'Over View'!$B$6, IF(B85 = "Verde" , G85 + 'Over View'!$B$7, IF(B85 = "Rosso" , G85 + 'Over View'!$B$8, "Grado Non Inserito") ))))) -> 45714 | I85: FALSE | L85: =IF(I85 = TRUE(), "on set", "off set") -> off set
A86: 85 | B86: Blu | C86: 2 | E86: New strapiombo | F86: Giulio | G86: 45684 | H86: =IF(B86 = "Smile", G86 + 'Over View'!$B$3, IF(B86 = "Bianco" , G86 + 'Over View'!$B$4, IF(B86 = "Giallo" , G86 + 'Over View'!$B$5, IF(B86 = "Blu" , G86 + 'Over View'!$B$6, IF(B86 = "Verde" , G86 + 'Over View'!$B$7, IF(B86 = "Rosso" , G86 + 'Over View'!$B$8, "Grado Non Inserito") ))))) -> 45714 | I86: FALSE | L86: =IF(I86 = TRUE(), "on set", "off set") -> off set
A87: 86 | B87: Verde | C87: 12 | E87: New strapiombo | F87: Giulio | G87: 45684 | H87: =IF(B87 = "Smile", G87 + 'Over View'!$B$3, IF(B87 = "Bianco" , G87 + 'Over View'!$B$4, IF(B87 = "Giallo" , G87 + 'Over View'!$B$5, IF(B87 = "Blu" , G87 + 'Over View'!$B$6, IF(B87 = "Verde" , G87 + 'Over View'!$B$7, IF(B87 = "Rosso" , G87 + 'Over View'!$B$8, "Grado Non Inserito") ))))) -> 45705 | I87: FALSE | L87: =IF(I87 = TRUE(), "on set", "off set") -> off set
A88: 87 | B88: Giallo | C88: 6 | E88: New strapiombo | F88: Giulio | G88: 45684 | H88: =IF(B88 = "Smile", G88 + 'Over View'!$B$3, IF(B88 = "Bianco" , G88 + 'Over View'!$B$4, IF(B88 = "Giallo" , G88 + 'Over View'!$B$5, IF(B88 = "Blu" , G88 + 'Over View'!$B$6, IF(B88 = "Verde" , G88 + 'Over View'!$B$7, IF(B88 = "Rosso" , G88 + 'Over View'!$B$8, "Grado Non Inserito") ))))) -> 45714 | I88: FALSE | L88: =IF(I88 = TRUE(), "on set", "off set") -> off set
A89: 88 | B89: Rosso | C89: 8 | E89: New strapiombo | F89: Andrea | G89: 45684 | H89: =IF(B89 = "Smile", G89 + 'Over View'!$B$3, IF(B89 = "Bianco" , G89 + 'Over View'!$B$4, IF(B89 = "Giallo" , G89 + 'Over View'!$B$5, IF(B89 = "Blu" , G89 + 'Over View'!$B$6, IF(B89 = "Verde" , G89 + 'Over View'!$B$7, IF(B89 = "Rosso" , G89 + 'Over View'!$B$8, "Grado Non Inserito") ))))) -> 45705 | I89: FALSE | L89: =IF(I89 = TRUE(), "on set", "off set") -> off set
A90: 89 | B90: Giallo | C90: 14 | E90: sx big strapiombo | F90: Giulio | G90: 45685 | H90: =IF(B90 = "Smile", G90 + 'Over View'!$B$3, IF(B90 = "Bianco" , G90 + 'Over View'!$B$4, IF(B90 = "Giallo" , G90 + 'Over View'!$B$5, IF(B90 = "Blu" , G90 + 'Over View'!$B$6, IF(B90 = "Verde" , G90 + 'Over View'!$B$7, IF(B90 = "Rosso" , G90 + 'Over View'!$B$8, "Grado Non Inserito") ))))) -> 45715 | I90: FALSE | L90: =IF(I90 = TRUE(), "on set", "off set") -> off set
A91: 90 | B91: Giallo | C91: 18 | E91: dx verticale | F91: Giulio | G91: 45685 | H91: =IF(B91 = "Smile", G91 + 'Over View'!$B$3, IF(B91 = "Bianco" , G91 + 'Over View'!$B$4, IF(B91 = "Giallo" , G91 + 'Over View'!$B$5, IF(B91 = "Blu" , G91 + 'Over View'!$B$6, IF(B91 = "Verde" , G91 + 'Over View'!$B$7, IF(B91 = "Rosso" , G91 + 'Over View'!$B$8, "Grado Non Inserito") ))))) -> 45715 | I91: FALSE | L91: =IF(I91 = TRUE(), "on set", "off set") -> off set
A92: 91 | B92: Bianco | C92: 18 | E92: New verticale | F92: Leonardo M | G92: 45685 | H92: =IF(B92 = "Smile", G92 + 'Over View'!$B$3, IF(B92 = "Bianco" , G92 + 'Over View'!$B$4, IF(B92 = "Giallo" , G92 + 'Over View'!$B$5, IF(B92 = "Blu" , G92 + 'Over View'!$B$6, IF(B92 = "Verde" , G92 + 'Over View'!$B$7, IF(B92 = "Rosso" , G92 + 'Over View'!$B$8, "Grado Non Inserito") ))))) -> 45699 | I92: FALSE | L92: =IF(I92 = TRUE(), "on set", "off set") -> off set
A93: 92 | B93: Verde | C93: 15 | E93: dx prua | F93: Giulio | G93: 45685 | H93: =IF(B93 = "Smile", G93 + 'Over View'!$B$3, IF(B93 = "Bianco" , G93 + 'Over View'!$B$4, IF(B93 = "Giallo" , G93 + 'Over View'!$B$5, IF(B93 = "Blu" , G93 + 'Over View'!$B$6, IF(B93 = "Verde" , G93 + 'Over View'!$B$7, IF(B93 = "Rosso" , G93 + 'Over View'!$B$8, "Grado Non Inserito") ))))) -> 45706 | I93: FALSE | L93: =IF(I93 = TRUE(), "on set", "off set") -> off set
A94: 93 | B94: Bianco | C94: 20 | E94: dx placca | F94: Leonardo M | G94: 45685 | H94: =IF(B94 = "Smile", G94 + 'Over View'!$B$3, IF(B94 = "Bianco" , G94 + 'Over View'!$B$4, IF(B94 = "Giallo" , G94 + 'Over View'!$B$5, IF(B94 = "Blu" , G94 + 'Over View'!$B$6, IF(B94 = "Verde" , G94 + 'Over View'!$B$7, IF(B94 = "Rosso" , G94 + 'Over View'!$B$8, "Grado Non Inserito") ))))) -> 45699 | I94: FALSE | K94: 45706 | L94: =IF(I94 = TRUE(), "on set", "off set") -> off set
A95: 94 | B95: Bianco | C95: 11 | E95: sx big strapiombo | F95: Andrea | G95: 45685 | H95: =IF(B95 = "Smile", G95 + 'Over View'!$B$3, IF(B95 = "Bianco" , G95 + 'Over View'!$B$4, IF(B95 = "Giallo" , G95 + 'Over View'!$B$5, IF(B95 = "Blu" , G95 + 'Over View'!$B$6, IF(B95 = "Verde" , G95 + 'Over View'!$B$7, IF(B95 = "Rosso" , G95 + 'Over View'!$B$8, "Grado Non Inserito") ))))) -> 45699 | I95: FALSE | L95: =IF(I95 = TRUE(), "on set", "off set") -> off set
A96: 95 | B96: Bianco | C96: 12 | E96: verticale | F96: Andrea | G96: 45686 | H96: =IF(B96 = "Smile", G96 + 'Over View'!$B$3, IF(B96 = "Bianco" , G96 + 'Over View'!$B$4, IF(B96 = "Giallo" , G96 + 'Over View'!$B$5, IF(B96 = "Blu" , G96 + 'Over View'!$B$6, IF(B96 = "Verde" , G96 + 'Over View'!$B$7, IF(B96 = "Rosso" , G96 + 'Over View'!$B$8, "Grado Non Inserito") ))))) -> 45700 | I96: FALSE | L96: =IF(I96 = TRUE(), "on set", "off set") -> off set
A97: 96 | B97: Verde | C97: 7 | E97: dx verticale | F97: Giulio | G97: 45686 | H97: =IF(B97 = "Smile", G97 + 'Over View'!$B$3, IF(B97 = "Bianco" , G97 + 'Over View'!$B$4, IF(B97 = "Giallo" , G97 + 'Over View'!$B$5, IF(B97 = "Blu" , G97 + 'Over View'!$B$6, IF(B97 = "Verde" , G97 + 'Over View'!$B$7, IF(B97 = "Rosso" , G97 + 'Over View'!$B$8, "Grado Non Inserito") ))))) -> 45707 | I97: FALSE | K97: 45755 | L97: =IF(I97 = TRUE(), "on set", "off set") -> off set
A98: 97 | B98: Verde | C98: 6 | E98: sx legg. strapiombo | F98: Andrea | G98: 45686 | H98: =IF(B98 = "Smile", G98 + 'Over View'!$B$3, IF(B98 = "Bianco" , G98 + 'Over View'!$B$4, IF(B98 = "Giallo" , G98 + 'Over View'!$B$5, IF(B98 = "Blu" , G98 + 'Over View'!$B$6, IF(B98 = "Verde" , G98 + 'Over View'!$B$7, IF(B98 = "Rosso" , G98 + 'Over View'!$B$8, "Grado Non Inserito") ))))) -> 45707 | I98: FALSE | L98: =IF(I98 = TRUE(), "on set", "off set") -> off set
A99: 98 | B99: Giallo | C99: 3 | E99: sx legg. strapiombo | F99: Giulio | G99: 45686 | H99: =IF(B99 = "Smile", G99 + 'Over View'!$B$3, IF(B99 = "Bianco" , G99 + 'Over View'!$B$4, IF(B99 = "Giallo" , G99 + 'Over View'!$B$5, IF(B99 = "Blu" , G99 + 'Over View'!$B$6, IF(B99 = "Verde" , G99 + 'Over View'!$B$7, IF(B99 = "Rosso" , G99 + 'Over View'!$B$8, "Grado Non Inserito") ))))) -> 45716 | I99: FALSE | L99: =IF(I99 = TRUE(), "on set", "off set") -> off set
A100: 99 | B100: Bianco | C100: 8 | E100: sx legg. strapiombo | F100: Giulio | G100: 45686 | H100: =IF(B100 = "Smile", G100 + 'Over View'!$B$3, IF(B100 = "Bianco" , G100 + 'Over View'!$B$4, IF(B100 = "Giallo" , G100 + 'Over View'!$B$5, IF(B100 = "Blu" , G100 + 'Over View'!$B$6, IF(B100 = "Verde" , G100 + 'Over View'!$B$7, IF(B100 = "Rosso" , G100 + 'Over View'!$B$8, "Grado Non Inserito") ))))) -> 45700 | I100: FALSE | L100: =IF(I100 = TRUE(), "on set", "off set") -> off set
A101: 100 | B101: Bianco | C101: 2 | E101: verticale | F101: Nathan | G101: 45687 | H101: =IF(B101 = "Smile", G101 + 'Over View'!$B$3, IF(B101 = "Bianco" , G101 + 'Over View'!$B$4, IF(B101 = "Giallo" , G101 + 'Over View'!$B$5, IF(B101 = "Blu" , G101 + 'Over View'!$B$6, IF(B101 = "Verde" , G101 + 'Over View'!$B$7, IF(B101 = "Rosso" , G101 + 'Over View'!$B$8, "Grado Non Inserito") ))))) -> 45701 | I101: FALSE | K101: 45699 | L101: =IF(I101 = TRUE(), "on set", "off set") -> off set
A102: 101 | B102: Bianco | C102: 7 | E102: New placca | F102: Leonardo M | G102: 45688 | H102: =IF(B102 = "Smile", G102 + 'Over View'!$B$3, IF(B102 = "Bianco" , G102 + 'Over View'!$B$4, IF(B102 = "Giallo" , G102 + 'Over View'!$B$5, IF(B102 = "Blu" , G102 + 'Over View'!$B$6, IF(B102 = "Verde" , G102 + 'Over View'!$B$7, IF(B102 = "Rosso" , G102 + 'Over View'!$B$8, "Grado Non Inserito") ))))) -> 45702 | I102: FALSE | J102: T20 | L102: =IF(I102 = TRUE(), "on set", "off set") -> off set
A103: 102 | B103: Bianco | C103: 16 | E103: sx legg. strapiombo | F103: Leonardo M | G103: 45688 | H103: =IF(B103 = "Smile", G103 + 'Over View'!$B$3, IF(B103 = "Bianco" , G103 + 'Over View'!$B$4, IF(B103 = "Giallo" , G103 + 'Over View'!$B$5, IF(B103 = "Blu" , G103 + 'Over View'!$B$6, IF(B103 = "Verde" , G103 + 'Over View'!$B$7, IF(B103 = "Rosso" , G103 + 'Over View'!$B$8, "Grado Non Inserito") ))))) -> 45702 | I103: FALSE | J103: T20 | L103: =IF(I103 = TRUE(), "on set", "off set") -> off set
...
